sweep,H,L,T
0,-128,8,3.000
1,-76,0,0
2,-60,0,0
3,-48,0,0
4,-40,0,0
5,-48,0,0
6,-56,0,0
7,-52,0,0
8,-60,0,0
9,-40,0,0
10,-24,0,0
11,-52,0,0
12,-44,0,0
13,-32,0,0
14,-72,0,0
15,-80,0,0
16,-60,0,0
17,-76,0,0
18,-64,0,0
19,-68,0,0
20,-64,0,0
21,-56,0,0
22,-84,0,0
23,-84,0,0
24,-64,0,0
25,-68,0,0
26,-40,0,0
27,-36,0,0
28,-52,0,0
29,-64,0,0
30,-80,0,0
31,-60,0,0
32,-116,0,0
33,-92,0,0
34,-88,0,0
35,-60,0,0
36,-64,0,0
37,-36,0,0
38,-40,0,0
39,-44,0,0
40,-44,0,0
41,-32,0,0
42,-64,0,0
43,-52,0,0
44,-60,0,0
45,-76,0,0
46,-56,0,0
47,-52,0,0
48,-60,0,0
49,-60,0,0
50,-52,0,0
51,-76,0,0
52,-64,0,0
53,-48,0,0
54,-76,0,0
55,-44,0,0
56,-32,0,0
57,-36,0,0
58,-68,0,0
59,-80,0,0
60,-68,0,0
61,-52,0,0
62,-56,0,0
63,-52,0,0
64,-44,0,0
65,-28,0,0
66,-56,0,0
67,-64,0,0
68,-36,0,0
69,-32,0,0
70,-44,0,0
71,-60,0,0
72,-24,0,0
73,-40,0,0
74,-28,0,0
75,-68,0,0
76,-40,0,0
77,-56,0,0
78,-68,0,0
79,-44,0,0
80,-60,0,0
81,-56,0,0
82,-72,0,0
83,-60,0,0
84,-60,0,0
85,-48,0,0
86,-44,0,0
87,-44,0,0
88,-56,0,0
89,-80,0,0
90,-64,0,0
91,-56,0,0
92,-104,0,0
93,-72,0,0
94,-64,0,0
95,-100,0,0
96,-64,0,0
97,-72,0,0
98,-52,0,0
99,-44,0,0
100,-60,0,0
101,-72,0,0
102,-32,0,0
103,-56,0,0
104,-52,0,0
105,-36,0,0
106,-28,0,0
107,-56,0,0
108,-36,0,0
109,-68,0,0
110,-68,0,0
111,-72,0,0
112,-88,0,0
113,-56,0,0
114,-32,0,0
115,-32,0,0
116,-56,0,0
117,-60,0,0
118,-44,0,0
119,-48,0,0
120,-52,0,0
121,-48,0,0
122,-68,0,0
123,-64,0,0
124,-68,0,0
125,-48,0,0
126,-44,0,0
127,-72,0,0
128,-72,0,0
129,-56,0,0
130,-40,0,0
131,-40,0,0
132,-48,0,0
133,-32,0,0
134,-44,0,0
135,-36,0,0
136,-52,0,0
137,-28,0,0
138,-56,0,0
139,-68,0,0
140,-76,0,0
141,-76,0,0
142,-44,0,0
143,-60,0,0
144,-60,0,0
145,-48,0,0
146,-52,0,0
147,-60,0,0
148,-40,0,0
149,-52,0,0
150,-52,0,0
151,-48,0,0
152,-52,0,0
153,-44,0,0
154,-76,0,0
155,-68,0,0
156,-32,0,0
157,-60,0,0
158,-44,0,0
159,-40,0,0
160,-52,0,0
161,-64,0,0
162,-64,0,0
163,-52,0,0
164,-40,0,0
165,-52,0,0
166,-36,0,0
167,-28,0,0
168,-48,0,0
169,-64,0,0
170,-48,0,0
171,-60,0,0
172,-48,0,0
173,-32,0,0
174,-48,0,0
175,-56,0,0
176,-48,0,0
177,-56,0,0
178,-64,0,0
179,-48,0,0
180,-44,0,0
181,-44,0,0
182,-32,0,0
183,-68,0,0
184,-96,0,0
185,-112,0,0
186,-88,0,0
187,-48,0,0
188,-32,0,0
189,-48,0,0
190,-40,0,0
191,-56,0,0
192,-72,0,0
193,-36,0,0
194,-56,0,0
195,-52,0,0
196,-32,0,0
197,-56,0,0
198,-76,0,0
199,-64,0,0
200,-64,0,0
201,-48,0,0
202,-72,0,0
203,-40,0,0
204,-56,0,0
205,-36,0,0
206,-36,0,0
207,-64,0,0
208,-52,0,0
209,-44,0,0
210,-60,0,0
211,-88,0,0
212,-72,0,0
213,-68,0,0
214,-80,0,0
215,-44,0,0
216,-32,0,0
217,-52,0,0
218,-36,0,0
219,-36,0,0
220,-56,0,0
221,-40,0,0
222,-32,0,0
223,-56,0,0
224,-56,0,0
225,-36,0,0
226,-48,0,0
227,-48,0,0
228,-48,0,0
229,-48,0,0
230,-36,0,0
231,-40,0,0
232,-48,0,0
233,-64,0,0
234,-44,0,0
235,-48,0,0
236,-40,0,0
237,-16,0,0
238,-36,0,0
239,-24,0,0
240,-52,0,0
241,-48,0,0
242,-44,0,0
243,-72,0,0
244,-96,0,0
245,-56,0,0
246,-48,0,0
247,-52,0,0
248,-52,0,0
249,-60,0,0
250,-120,0,0
251,-96,0,0
252,-96,0,0
253,-76,0,0
254,-44,0,0
255,-48,0,0
256,-56,0,0
257,-52,0,0
258,-60,0,0
259,-52,0,0
260,-44,0,0
261,-52,0,0
262,-36,0,0
263,-32,0,0
264,-16,0,0
265,-40,0,0
266,-32,0,0
267,-32,0,0
268,-40,0,0
269,-36,0,0
270,-24,0,0
271,-48,0,0
272,-96,0,0
273,-68,0,0
274,-48,0,0
275,-48,0,0
276,-40,0,0
277,-28,0,0
278,-52,0,0
279,-48,0,0
280,-52,0,0
281,-48,0,0
282,-40,0,0
283,-60,0,0
284,-48,0,0
285,-48,0,0
286,-68,0,0
287,-52,0,0
288,-48,0,0
289,-56,0,0
290,-44,0,0
291,-44,0,0
292,-72,0,0
293,-56,0,0
294,-68,0,0
295,-60,0,0
296,-40,0,0
297,-40,0,0
298,-44,0,0
299,-76,0,0
300,-56,0,0
301,-60,0,0
302,-52,0,0
303,-76,0,0
304,-72,0,0
305,-48,0,0
306,-36,0,0
307,-44,0,0
308,-88,0,0
309,-104,0,0
310,-80,0,0
311,-68,0,0
312,-104,0,0
313,-80,0,0
314,-72,0,0
315,-64,0,0
316,-52,0,0
317,-60,0,0
318,-64,0,0
319,-60,0,0
320,-36,0,0
321,-52,0,0
322,-40,0,0
323,-32,0,0
324,-40,0,0
325,-36,0,0
326,-20,0,0
327,-36,0,0
328,-24,0,0
329,-60,0,0
330,-44,0,0
331,-40,0,0
332,-40,0,0
333,-36,0,0
334,-64,0,0
335,-64,0,0
336,-40,0,0
337,-48,0,0
338,-52,0,0
339,-32,0,0
340,-36,0,0
341,-52,0,0
342,-60,0,0
343,-36,0,0
344,-40,0,0
345,-40,0,0
346,-72,0,0
347,-88,0,0
348,-108,0,0
349,-92,0,0
350,-68,0,0
351,-60,0,0
352,-76,0,0
353,-64,0,0
354,-64,0,0
355,-36,0,0
356,-24,0,0
357,-28,0,0
358,-16,0,0
359,-52,0,0
360,-44,0,0
361,-36,0,0
362,-60,0,0
363,-60,0,0
364,-40,0,0
365,-48,0,0
366,-56,0,0
367,-16,0,0
368,-24,0,0
369,-36,0,0
370,-24,0,0
371,-44,0,0
372,-40,0,0
373,-36,0,0
374,-32,0,0
375,-48,0,0
376,-36,0,0
377,-40,0,0
378,-20,0,0
379,-44,0,0
380,-48,0,0
381,-40,0,0
382,-40,0,0
383,-48,0,0
384,-56,0,0
385,-68,0,0
386,-56,0,0
387,-64,0,0
388,-56,0,0
389,-64,0,0
390,-60,0,0
391,-52,0,0
392,-36,0,0
393,-68,0,0
394,-68,0,0
395,-56,0,0
396,-68,0,0
397,-52,0,0
398,-40,0,0
399,-60,0,0
400,-72,0,0
401,-60,0,0
402,-36,0,0
403,-36,0,0
404,-56,0,0
405,-40,0,0
406,-28,0,0
407,-48,0,0
408,-80,0,0
409,-56,0,0
410,-40,0,0
411,-52,0,0
412,-44,0,0
413,-44,0,0
414,-72,0,0
415,-60,0,0
416,-60,0,0
417,-56,0,0
418,-60,0,0
419,-68,0,0
420,-48,0,0
421,-44,0,0
422,-40,0,0
423,-36,0,0
424,-72,0,0
425,-60,0,0
426,-48,0,0
427,-44,0,0
428,-56,0,0
429,-56,0,0
430,-68,0,0
431,-64,0,0
432,-68,0,0
433,-48,0,0
434,-64,0,0
435,-68,0,0
436,-60,0,0
437,-48,0,0
438,-44,0,0
439,-76,0,0
440,-44,0,0
441,-48,0,0
442,-44,0,0
443,-52,0,0
444,-36,0,0
445,-52,0,0
446,-60,0,0
447,-48,0,0
448,-44,0,0
449,-40,0,0
450,-24,0,0
451,-44,0,0
452,-24,0,0
453,-52,0,0
454,-80,0,0
455,-72,0,0
456,-44,0,0
457,-40,0,0
458,-36,0,0
459,-40,0,0
460,-100,0,0
461,-68,0,0
462,-24,0,0
463,-40,0,0
464,-72,0,0
465,-36,0,0
466,-36,0,0
467,-40,0,0
468,-48,0,0
469,-52,0,0
470,-64,0,0
471,-52,0,0
472,-36,0,0
473,-44,0,0
474,-68,0,0
475,-44,0,0
476,-48,0,0
477,-68,0,0
478,-52,0,0
479,-56,0,0
480,-44,0,0
481,-32,0,0
482,-16,0,0
483,-24,0,0
484,-32,0,0
485,-52,0,0
486,-48,0,0
487,-60,0,0
488,-48,0,0
489,-56,0,0
490,-64,0,0
491,-68,0,0
492,-56,0,0
493,-60,0,0
494,-40,0,0
495,-48,0,0
496,-52,0,0
497,-44,0,0
498,-56,0,0
499,-52,0,0
500,-56,0,0
501,-56,0,0
502,-56,0,0
503,-48,0,0
504,-44,0,0
505,-52,0,0
506,-48,0,0
507,-64,0,0
508,-80,0,0
509,-88,0,0
510,-80,0,0
511,-84,0,0
512,-72,0,0
513,-56,0,0
514,-48,0,0
515,-68,0,0
516,-64,0,0
517,-80,0,0
518,-68,0,0
519,-56,0,0
520,-92,0,0
521,-68,0,0
522,-56,0,0
523,-32,0,0
524,-32,0,0
525,-44,0,0
526,-28,0,0
527,-52,0,0
528,-44,0,0
529,-64,0,0
530,-52,0,0
531,-56,0,0
532,-44,0,0
533,-60,0,0
534,-52,0,0
535,-56,0,0
536,-56,0,0
537,-64,0,0
538,-76,0,0
539,-64,0,0
540,-36,0,0
541,-40,0,0
542,-48,0,0
543,-44,0,0
544,-44,0,0
545,-76,0,0
546,-76,0,0
547,-84,0,0
548,-36,0,0
549,-56,0,0
550,-64,0,0
551,-68,0,0
552,-68,0,0
553,-56,0,0
554,-40,0,0
555,-36,0,0
556,-64,0,0
557,-48,0,0
558,-28,0,0
559,-56,0,0
560,-68,0,0
561,-64,0,0
562,-68,0,0
563,-72,0,0
564,-60,0,0
565,-80,0,0
566,-72,0,0
567,-36,0,0
568,-20,0,0
569,-52,0,0
570,-40,0,0
571,-28,0,0
572,-44,0,0
573,-52,0,0
574,-32,0,0
575,-56,0,0
576,-44,0,0
577,-56,0,0
578,-56,0,0
579,-72,0,0
580,-76,0,0
581,-64,0,0
582,-36,0,0
583,-44,0,0
584,-56,0,0
585,-60,0,0
586,-36,0,0
587,-36,0,0
588,-24,0,0
589,-84,0,0
590,-96,0,0
591,-56,0,0
592,-60,0,0
593,-56,0,0
594,-52,0,0
595,-36,0,0
596,-44,0,0
597,-64,0,0
598,-36,0,0
599,-48,0,0
600,-52,0,0
601,-44,0,0
602,-40,0,0
603,-44,0,0
604,-48,0,0
605,-56,0,0
606,-32,0,0
607,-28,0,0
608,-32,0,0
609,-64,0,0
610,-72,0,0
611,-60,0,0
612,-68,0,0
613,-80,0,0
614,-68,0,0
615,-60,0,0
616,-52,0,0
617,-64,0,0
618,-40,0,0
619,-36,0,0
620,-52,0,0
621,-76,0,0
622,-68,0,0
623,-80,0,0
624,-84,0,0
625,-80,0,0
626,-64,0,0
627,-60,0,0
628,-68,0,0
629,-56,0,0
630,-64,0,0
631,-64,0,0
632,-44,0,0
633,-44,0,0
634,-52,0,0
635,-60,0,0
636,-40,0,0
637,-52,0,0
638,-36,0,0
639,-44,0,0
640,-60,0,0
641,-60,0,0
642,-64,0,0
643,-80,0,0
644,-60,0,0
645,-48,0,0
646,-60,0,0
647,-56,0,0
648,-56,0,0
649,-48,0,0
650,-44,0,0
651,-56,0,0
652,-56,0,0
653,-64,0,0
654,-52,0,0
655,-60,0,0
656,-60,0,0
657,-68,0,0
658,-56,0,0
659,-44,0,0
660,-48,0,0
661,-48,0,0
662,-68,0,0
663,-60,0,0
664,-60,0,0
665,-64,0,0
666,-52,0,0
667,-64,0,0
668,-92,0,0
669,-68,0,0
670,-72,0,0
671,-52,0,0
672,-28,0,0
673,-40,0,0
674,-48,0,0
675,-36,0,0
676,-76,0,0
677,-48,0,0
678,-40,0,0
679,-52,0,0
680,-52,0,0
681,-40,0,0
682,-56,0,0
683,-48,0,0
684,-40,0,0
685,-60,0,0
686,-104,0,0
687,-92,0,0
688,-36,0,0
689,-32,0,0
690,-44,0,0
691,-48,0,0
692,-64,0,0
693,-72,0,0
694,-40,0,0
695,-60,0,0
696,-60,0,0
697,-56,0,0
698,-64,0,0
699,-56,0,0
700,-48,0,0
701,-48,0,0
702,-48,0,0
703,-52,0,0
704,-48,0,0
705,-56,0,0
706,-56,0,0
707,-32,0,0
708,-44,0,0
709,-48,0,0
710,-52,0,0
711,-36,0,0
712,-44,0,0
713,-44,0,0
714,-24,0,0
715,-80,0,0
716,-68,0,0
717,-64,0,0
718,-84,0,0
719,-52,0,0
720,-56,0,0
721,-36,0,0
722,-32,0,0
723,-40,0,0
724,-60,0,0
725,-60,0,0
726,-60,0,0
727,-68,0,0
728,-36,0,0
729,-64,0,0
730,-36,0,0
731,-48,0,0
732,-56,0,0
733,-64,0,0
734,-64,0,0
735,-64,0,0
736,-60,0,0
737,-56,0,0
738,-80,0,0
739,-96,0,0
740,-56,0,0
741,-56,0,0
742,-68,0,0
743,-48,0,0
744,-56,0,0
745,-32,0,0
746,-60,0,0
747,-68,0,0
748,-48,0,0
749,-36,0,0
750,-56,0,0
751,-52,0,0
752,-56,0,0
753,-64,0,0
754,-64,0,0
755,-44,0,0
756,-40,0,0
757,-44,0,0
758,-48,0,0
759,-44,0,0
760,-44,0,0
761,-36,0,0
762,-52,0,0
763,-44,0,0
764,-48,0,0
765,-40,0,0
766,-56,0,0
767,-64,0,0
768,-48,0,0
769,-60,0,0
770,-56,0,0
771,-36,0,0
772,-48,0,0
773,-72,0,0
774,-60,0,0
775,-88,0,0
776,-88,0,0
777,-96,0,0
778,-96,0,0
779,-68,0,0
780,-88,0,0
781,-76,0,0
782,-68,0,0
783,-40,0,0
784,-48,0,0
785,-44,0,0
786,-52,0,0
787,-56,0,0
788,-52,0,0
789,-60,0,0
790,-64,0,0
791,-44,0,0
792,-48,0,0
793,-28,0,0
794,-44,0,0
795,-60,0,0
796,-60,0,0
797,-60,0,0
798,-56,0,0
799,-36,0,0
800,-44,0,0
801,-44,0,0
802,-44,0,0
803,-44,0,0
804,-80,0,0
805,-96,0,0
806,-80,0,0
807,-104,0,0
808,-84,0,0
809,-60,0,0
810,-48,0,0
811,-44,0,0
812,-32,0,0
813,-64,0,0
814,-68,0,0
815,-68,0,0
816,-56,0,0
817,-44,0,0
818,-52,0,0
819,-68,0,0
820,-84,0,0
821,-84,0,0
822,-88,0,0
823,-72,0,0
824,-52,0,0
825,-56,0,0
826,-88,0,0
827,-88,0,0
828,-40,0,0
829,-36,0,0
830,-72,0,0
831,-68,0,0
832,-52,0,0
833,-52,0,0
834,-36,0,0
835,-24,0,0
836,-52,0,0
837,-60,0,0
838,-60,0,0
839,-88,0,0
840,-80,0,0
841,-68,0,0
842,-52,0,0
843,-32,0,0
844,-40,0,0
845,-44,0,0
846,-56,0,0
847,-60,0,0
848,-68,0,0
849,-80,0,0
850,-84,0,0
851,-56,0,0
852,-32,0,0
853,-52,0,0
854,-32,0,0
855,-48,0,0
856,-36,0,0
857,-52,0,0
858,-28,0,0
859,-56,0,0
860,-48,0,0
861,-52,0,0
862,-76,0,0
863,-60,0,0
864,-24,0,0
865,-36,0,0
866,-60,0,0
867,-44,0,0
868,-52,0,0
869,-36,0,0
870,-36,0,0
871,-48,0,0
872,-68,0,0
873,-56,0,0
874,-68,0,0
875,-76,0,0
876,-60,0,0
877,-44,0,0
878,-56,0,0
879,-68,0,0
880,-48,0,0
881,-56,0,0
882,-52,0,0
883,-48,0,0
884,-48,0,0
885,-60,0,0
886,-60,0,0
887,-92,0,0
888,-56,0,0
889,-36,0,0
890,-44,0,0
891,-28,0,0
892,-40,0,0
893,-52,0,0
894,-56,0,0
895,-60,0,0
896,-56,0,0
897,-36,0,0
898,-44,0,0
899,-52,0,0
900,-52,0,0
901,-40,0,0
902,-36,0,0
903,-60,0,0
904,-56,0,0
905,-48,0,0
906,-60,0,0
907,-48,0,0
908,-104,0,0
909,-80,0,0
910,-96,0,0
911,-92,0,0
912,-40,0,0
913,-52,0,0
914,-48,0,0
915,-56,0,0
916,-56,0,0
917,-64,0,0
918,-64,0,0
919,-56,0,0
920,-80,0,0
921,-56,0,0
922,-84,0,0
923,-60,0,0
924,-44,0,0
925,-52,0,0
926,-60,0,0
927,-72,0,0
928,-48,0,0
929,-40,0,0
930,-80,0,0
931,-88,0,0
932,-80,0,0
933,-48,0,0
934,-64,0,0
935,-64,0,0
936,-40,0,0
937,-40,0,0
938,-24,0,0
939,-32,0,0
940,-48,0,0
941,-48,0,0
942,-56,0,0
943,-68,0,0
944,-52,0,0
945,-48,0,0
946,-60,0,0
947,-40,0,0
948,-44,0,0
949,-36,0,0
950,-52,0,0
951,-40,0,0
952,-60,0,0
953,-88,0,0
954,-72,0,0
955,-64,0,0
956,-52,0,0
957,-68,0,0
958,-40,0,0
959,-40,0,0
960,-68,0,0
961,-64,0,0
962,-72,0,0
963,-40,0,0
964,-28,0,0
965,-44,0,0
966,-68,0,0
967,-64,0,0
968,-44,0,0
969,-40,0,0
970,-52,0,0
971,-52,0,0
972,-56,0,0
973,-64,0,0
974,-44,0,0
975,-52,0,0
976,-56,0,0
977,-56,0,0
978,-36,0,0
979,-44,0,0
980,-48,0,0
981,-48,0,0
982,-40,0,0
983,-40,0,0
984,-48,0,0
985,-48,0,0
986,-24,0,0
987,-48,0,0
988,-48,0,0
989,-72,0,0
990,-92,0,0
991,-56,0,0
992,-44,0,0
993,-40,0,0
994,-44,0,0
995,-28,0,0
996,-72,0,0
997,-44,0,0
998,-64,0,0
999,-56,0,0
1000,-32,0,0
1001,-32,0,0
1002,-32,0,0
1003,-36,0,0
1004,-44,0,0
1005,-52,0,0
1006,-60,0,0
1007,-52,0,0
1008,-48,0,0
1009,-36,0,0
1010,-48,0,0
1011,-80,0,0
1012,-72,0,0
1013,-60,0,0
1014,-80,0,0
1015,-76,0,0
1016,-64,0,0
1017,-52,0,0
1018,-60,0,0
1019,-52,0,0
1020,-36,0,0
1021,-48,0,0
1022,-24,0,0
1023,-52,0,0
1024,-40,0,0
1025,-72,0,0
1026,-84,0,0
1027,-60,0,0
1028,-72,0,0
1029,-56,0,0
1030,-24,0,0
1031,-28,0,0
1032,-36,0,0
1033,-24,0,0
1034,-48,0,0
1035,-68,0,0
1036,-128,0,0
1037,-96,0,0
1038,-104,0,0
1039,-72,0,0
1040,-52,0,0
1041,-68,0,0
1042,-36,0,0
1043,-36,0,0
1044,-44,0,0
1045,-40,0,0
1046,-36,0,0
1047,-64,0,0
1048,-56,0,0
1049,-64,0,0
1050,-104,0,0
1051,-92,0,0
1052,-44,0,0
1053,-28,0,0
1054,-32,0,0
1055,-48,0,0
1056,-68,0,0
1057,-84,0,0
1058,-56,0,0
1059,-64,0,0
1060,-44,0,0
1061,-36,0,0
1062,-52,0,0
1063,-72,0,0
1064,-72,0,0
1065,-64,0,0
1066,-40,0,0
1067,-32,0,0
1068,-56,0,0
1069,-44,0,0
1070,-52,0,0
1071,-48,0,0
1072,-32,0,0
1073,-32,0,0
1074,-36,0,0
1075,-60,0,0
1076,-64,0,0
1077,-96,0,0
1078,-92,0,0
1079,-76,0,0
1080,-44,0,0
1081,-68,0,0
1082,-60,0,0
1083,-80,0,0
1084,-96,0,0
1085,-76,0,0
1086,-56,0,0
1087,-56,0,0
1088,-76,0,0
1089,-64,0,0
1090,-44,0,0
1091,-44,0,0
1092,-44,0,0
1093,-56,0,0
1094,-64,0,0
1095,-64,0,0
1096,-40,0,0
1097,-32,0,0
1098,-40,0,0
1099,-44,0,0
1100,-44,0,0
1101,-32,0,0
1102,-32,0,0
1103,-40,0,0
1104,-52,0,0
1105,-52,0,0
1106,-52,0,0
1107,-40,0,0
1108,-44,0,0
1109,-40,0,0
1110,-56,0,0
1111,-84,0,0
1112,-56,0,0
1113,-40,0,0
1114,-76,0,0
1115,-44,0,0
1116,-56,0,0
1117,-24,0,0
1118,-36,0,0
1119,-48,0,0
1120,-28,0,0
1121,-48,0,0
1122,-52,0,0
1123,-40,0,0
1124,-52,0,0
1125,-56,0,0
1126,-64,0,0
1127,-48,0,0
1128,-44,0,0
1129,-64,0,0
1130,-84,0,0
1131,-64,0,0
1132,-60,0,0
1133,-84,0,0
1134,-64,0,0
1135,-56,0,0
1136,-48,0,0
1137,-48,0,0
1138,-52,0,0
1139,-60,0,0
1140,-68,0,0
1141,-40,0,0
1142,-20,0,0
1143,-40,0,0
1144,-64,0,0
1145,-36,0,0
1146,-52,0,0
1147,-44,0,0
1148,-40,0,0
1149,-36,0,0
1150,-28,0,0
1151,-36,0,0
1152,-56,0,0
1153,-48,0,0
1154,-20,0,0
1155,-44,0,0
1156,-32,0,0
1157,-68,0,0
1158,-104,0,0
1159,-92,0,0
1160,-76,0,0
1161,-120,0,0
1162,-84,0,0
1163,-56,0,0
1164,-48,0,0
1165,-36,0,0
1166,-52,0,0
1167,-56,0,0
1168,-64,0,0
1169,-60,0,0
1170,-60,0,0
1171,-44,0,0
1172,-36,0,0
1173,-44,0,0
1174,-44,0,0
1175,-32,0,0
1176,-40,0,0
1177,-60,0,0
1178,-60,0,0
1179,-36,0,0
1180,-28,0,0
1181,-68,0,0
1182,-84,0,0
1183,-76,0,0
1184,-56,0,0
1185,-52,0,0
1186,-64,0,0
1187,-36,0,0
1188,-60,0,0
1189,-48,0,0
1190,-40,0,0
1191,-52,0,0
1192,-72,0,0
1193,-56,0,0
1194,-32,0,0
1195,-56,0,0
1196,-36,0,0
1197,-40,0,0
1198,-48,0,0
1199,-48,0,0
1200,-60,0,0
1201,-52,0,0
1202,-68,0,0
1203,-64,0,0
1204,-60,0,0
1205,-48,0,0
1206,-40,0,0
1207,-56,0,0
1208,-52,0,0
1209,-44,0,0
1210,-64,0,0
1211,-64,0,0
1212,-68,0,0
1213,-60,0,0
1214,-56,0,0
1215,-84,0,0
1216,-60,0,0
1217,-52,0,0
1218,-48,0,0
1219,-56,0,0
1220,-56,0,0
1221,-36,0,0
1222,-48,0,0
1223,-56,0,0
1224,-44,0,0
1225,-44,0,0
1226,-64,0,0
1227,-64,0,0
1228,-56,0,0
1229,-28,0,0
1230,-44,0,0
1231,-28,0,0
1232,-56,0,0
1233,-24,0,0
1234,-28,0,0
1235,-28,0,0
1236,-60,0,0
1237,-68,0,0
1238,-56,0,0
1239,-44,0,0
1240,-64,0,0
1241,-40,0,0
1242,-72,0,0
1243,-60,0,0
1244,-44,0,0
1245,-48,0,0
1246,-48,0,0
1247,-80,0,0
1248,-72,0,0
1249,-76,0,0
1250,-68,0,0
1251,-92,0,0
1252,-84,0,0
1253,-68,0,0
1254,-48,0,0
1255,-32,0,0
1256,-40,0,0
1257,-28,0,0
1258,-48,0,0
1259,-52,0,0
1260,-88,0,0
1261,-44,0,0
1262,-24,0,0
1263,-32,0,0
1264,-36,0,0
1265,-68,0,0
1266,-68,0,0
1267,-64,0,0
1268,-68,0,0
1269,-84,0,0
1270,-44,0,0
1271,-72,0,0
1272,-40,0,0
1273,-32,0,0
1274,-44,0,0
1275,-36,0,0
1276,-56,0,0
1277,-104,0,0
1278,-76,0,0
1279,-72,0,0
1280,-96,0,0
1281,-48,0,0
1282,-32,0,0
1283,-52,0,0
1284,-60,0,0
1285,-88,0,0
1286,-88,0,0
1287,-68,0,0
1288,-68,0,0
1289,-68,0,0
1290,-36,0,0
1291,-60,0,0
1292,-48,0,0
1293,-24,0,0
1294,-28,0,0
1295,-44,0,0
1296,-56,0,0
1297,-44,0,0
1298,-56,0,0
1299,-44,0,0
1300,-68,0,0
1301,-56,0,0
1302,-44,0,0
1303,-72,0,0
1304,-92,0,0
1305,-112,0,0
1306,-76,0,0
1307,-64,0,0
1308,-44,0,0
1309,-52,0,0
1310,-60,0,0
1311,-52,0,0
1312,-28,0,0
1313,-60,0,0
1314,-60,0,0
1315,-52,0,0
1316,-68,0,0
1317,-52,0,0
1318,-56,0,0
1319,-56,0,0
1320,-72,0,0
1321,-48,0,0
1322,-24,0,0
1323,-56,0,0
1324,-64,0,0
1325,-44,0,0
1326,-40,0,0
1327,-84,0,0
1328,-80,0,0
1329,-24,0,0
1330,-28,0,0
1331,-44,0,0
1332,-28,0,0
1333,-36,0,0
1334,-36,0,0
1335,-32,0,0
1336,-40,0,0
1337,-44,0,0
1338,-56,0,0
1339,-60,0,0
1340,-60,0,0
1341,-84,0,0
1342,-48,0,0
1343,-60,0,0
1344,-56,0,0
1345,-60,0,0
1346,-52,0,0
1347,-56,0,0
1348,-64,0,0
1349,-40,0,0
1350,-44,0,0
1351,-48,0,0
1352,-40,0,0
1353,-40,0,0
1354,-40,0,0
1355,-24,0,0
1356,-36,0,0
1357,-40,0,0
1358,-64,0,0
1359,-40,0,0
1360,-44,0,0
1361,-64,0,0
1362,-96,0,0
1363,-68,0,0
1364,-64,0,0
1365,-112,0,0
1366,-80,0,0
1367,-88,0,0
1368,-48,0,0
1369,-44,0,0
1370,-44,0,0
1371,-36,0,0
1372,-32,0,0
1373,-76,0,0
1374,-60,0,0
1375,-80,0,0
1376,-48,0,0
1377,-56,0,0
1378,-20,0,0
1379,-40,0,0
1380,-32,0,0
1381,-64,0,0
1382,-84,0,0
1383,-52,0,0
1384,-60,0,0
1385,-44,0,0
1386,-36,0,0
1387,-52,0,0
1388,-16,0,0
1389,-16,0,0
1390,-28,0,0
1391,-40,0,0
1392,-64,0,0
1393,-76,0,0
1394,-52,0,0
1395,-56,0,0
1396,-56,0,0
1397,-72,0,0
1398,-52,0,0
1399,-48,0,0
1400,-72,0,0
1401,-52,0,0
1402,-48,0,0
1403,-56,0,0
1404,-40,0,0
1405,-68,0,0
1406,-48,0,0
1407,-52,0,0
1408,-92,0,0
1409,-68,0,0
1410,-80,0,0
1411,-76,0,0
1412,-72,0,0
1413,-76,0,0
1414,-68,0,0
1415,-72,0,0
1416,-64,0,0
1417,-68,0,0
1418,-56,0,0
1419,-56,0,0
1420,-56,0,0
1421,-72,0,0
1422,-72,0,0
1423,-64,0,0
1424,-56,0,0
1425,-52,0,0
1426,-52,0,0
1427,-92,0,0
1428,-76,0,0
1429,-56,0,0
1430,-44,0,0
1431,-72,0,0
1432,-76,0,0
1433,-56,0,0
1434,-96,0,0
1435,-60,0,0
1436,-64,0,0
1437,-60,0,0
1438,-76,0,0
1439,-76,0,0
1440,-48,0,0
1441,-40,0,0
1442,-40,0,0
1443,-36,0,0
1444,-60,0,0
1445,-76,0,0
1446,-92,0,0
1447,-56,0,0
1448,-84,0,0
1449,-84,0,0
1450,-80,0,0
1451,-56,0,0
1452,-64,0,0
1453,-40,0,0
1454,-60,0,0
1455,-56,0,0
1456,-32,0,0
1457,-56,0,0
1458,-44,0,0
1459,-44,0,0
1460,-52,0,0
1461,-52,0,0
1462,-40,0,0
1463,-48,0,0
1464,-64,0,0
1465,-52,0,0
1466,-68,0,0
1467,-80,0,0
1468,-60,0,0
1469,-76,0,0
1470,-96,0,0
1471,-108,0,0
1472,-96,0,0
1473,-96,0,0
1474,-76,0,0
1475,-76,0,0
1476,-84,0,0
1477,-72,0,0
1478,-48,0,0
1479,-44,0,0
1480,-56,0,0
1481,-80,0,0
1482,-112,0,0
1483,-52,0,0
1484,-48,0,0
1485,-60,0,0
1486,-60,0,0
1487,-64,0,0
1488,-76,0,0
1489,-96,0,0
1490,-92,0,0
1491,-64,0,0
1492,-52,0,0
1493,-52,0,0
1494,-52,0,0
1495,-60,0,0
1496,-64,0,0
1497,-44,0,0
1498,-84,0,0
1499,-84,0,0
1500,-56,0,0
1501,-40,0,0
1502,-48,0,0
1503,-68,0,0
1504,-64,0,0
1505,-24,0,0
1506,-48,0,0
1507,-48,0,0
1508,-40,0,0
1509,-32,0,0
1510,-44,0,0
1511,-72,0,0
1512,-36,0,0
1513,-40,0,0
1514,-48,0,0
1515,-68,0,0
1516,-68,0,0
1517,-52,0,0
1518,-44,0,0
1519,-52,0,0
1520,-76,0,0
1521,-72,0,0
1522,-80,0,0
1523,-72,0,0
1524,-56,0,0
1525,-48,0,0
1526,-48,0,0
1527,-36,0,0
1528,-56,0,0
1529,-64,0,0
1530,-64,0,0
1531,-68,0,0
1532,-48,0,0
1533,-48,0,0
1534,-44,0,0
1535,-56,0,0
1536,-32,0,0
1537,-44,0,0
1538,-40,0,0
1539,-60,0,0
1540,-48,0,0
1541,-36,0,0
1542,-40,0,0
1543,-48,0,0
1544,-68,0,0
1545,-68,0,0
1546,-32,0,0
1547,-28,0,0
1548,-44,0,0
1549,-40,0,0
1550,-52,0,0
1551,-24,0,0
1552,-40,0,0
1553,-56,0,0
1554,-64,0,0
1555,-52,0,0
1556,-72,0,0
1557,-52,0,0
1558,-112,0,0
1559,-112,0,0
1560,-52,0,0
1561,-64,0,0
1562,-96,0,0
1563,-108,0,0
1564,-68,0,0
1565,-72,0,0
1566,-56,0,0
1567,-60,0,0
1568,-40,0,0
1569,-16,0,0
1570,-52,0,0
1571,-36,0,0
1572,-36,0,0
1573,-32,0,0
1574,-48,0,0
1575,-48,0,0
1576,-32,0,0
1577,-16,0,0
1578,-44,0,0
1579,-68,0,0
1580,-76,0,0
1581,-52,0,0
1582,-44,0,0
1583,-52,0,0
1584,-68,0,0
1585,-76,0,0
1586,-60,0,0
1587,-40,0,0
1588,-72,0,0
1589,-68,0,0
1590,-84,0,0
1591,-68,0,0
1592,-44,0,0
1593,-40,0,0
1594,-48,0,0
1595,-48,0,0
1596,-68,0,0
1597,-64,0,0
1598,-64,0,0
1599,-48,0,0
1600,-40,0,0
1601,-68,0,0
1602,-56,0,0
1603,-40,0,0
1604,-56,0,0
1605,-60,0,0
1606,-64,0,0
1607,-60,0,0
1608,-48,0,0
1609,-40,0,0
1610,-44,0,0
1611,-76,0,0
1612,-68,0,0
1613,-52,0,0
1614,-32,0,0
1615,-52,0,0
1616,-52,0,0
1617,-56,0,0
1618,-44,0,0
1619,-68,0,0
1620,-48,0,0
1621,-40,0,0
1622,-56,0,0
1623,-48,0,0
1624,-36,0,0
1625,-44,0,0
1626,-48,0,0
1627,-28,0,0
1628,-40,0,0
1629,-44,0,0
1630,-68,0,0
1631,-28,0,0
1632,-16,0,0
1633,-20,0,0
1634,-12,0,0
1635,-44,0,0
1636,-60,0,0
1637,-44,0,0
1638,-48,0,0
1639,-68,0,0
1640,-40,0,0
1641,-40,0,0
1642,-56,0,0
1643,-72,0,0
1644,-44,0,0
1645,-56,0,0
1646,-36,0,0
1647,-48,0,0
1648,-60,0,0
1649,-80,0,0
1650,-56,0,0
1651,-60,0,0
1652,-40,0,0
1653,-44,0,0
1654,-60,0,0
1655,-40,0,0
1656,-56,0,0
1657,-48,0,0
1658,-28,0,0
1659,-40,0,0
1660,-36,0,0
1661,-56,0,0
1662,-60,0,0
1663,-52,0,0
1664,-64,0,0
1665,-44,0,0
1666,-36,0,0
1667,-72,0,0
1668,-68,0,0
1669,-80,0,0
1670,-80,0,0
1671,-56,0,0
1672,-56,0,0
1673,-72,0,0
1674,-64,0,0
1675,-48,0,0
1676,-44,0,0
1677,-60,0,0
1678,-64,0,0
1679,-80,0,0
1680,-72,0,0
1681,-68,0,0
1682,-28,0,0
1683,-48,0,0
1684,-84,0,0
1685,-68,0,0
1686,-84,0,0
1687,-84,0,0
1688,-52,0,0
1689,-44,0,0
1690,-48,0,0
1691,-20,0,0
1692,-24,0,0
1693,-48,0,0
1694,-44,0,0
1695,-52,0,0
1696,-60,0,0
1697,-68,0,0
1698,-68,0,0
1699,-56,0,0
1700,-60,0,0
1701,-44,0,0
1702,-28,0,0
1703,-32,0,0
1704,-48,0,0
1705,-68,0,0
1706,-72,0,0
1707,-72,0,0
1708,-28,0,0
1709,-44,0,0
1710,-56,0,0
1711,-64,0,0
1712,-48,0,0
1713,-60,0,0
1714,-40,0,0
1715,-40,0,0
1716,-36,0,0
1717,-52,0,0
1718,-60,0,0
1719,-52,0,0
1720,-64,0,0
1721,-72,0,0
1722,-72,0,0
1723,-76,0,0
1724,-68,0,0
1725,-64,0,0
1726,-56,0,0
1727,-56,0,0
1728,-40,0,0
1729,-48,0,0
1730,-24,0,0
1731,-60,0,0
1732,-44,0,0
1733,-48,0,0
1734,-32,0,0
1735,-64,0,0
1736,-76,0,0
1737,-84,0,0
1738,-72,0,0
1739,-80,0,0
1740,-64,0,0
1741,-56,0,0
1742,-40,0,0
1743,-56,0,0
1744,-52,0,0
1745,-36,0,0
1746,-72,0,0
1747,-80,0,0
1748,-64,0,0
1749,-64,0,0
1750,-80,0,0
1751,-60,0,0
1752,-56,0,0
1753,-60,0,0
1754,-56,0,0
1755,-60,0,0
1756,-44,0,0
1757,-32,0,0
1758,-16,0,0
1759,-16,0,0
1760,-36,0,0
1761,-52,0,0
1762,-52,0,0
1763,-48,0,0
1764,-40,0,0
1765,-24,0,0
1766,-20,0,0
1767,-52,0,0
1768,-60,0,0
1769,-56,0,0
1770,-56,0,0
1771,-48,0,0
1772,-32,0,0
1773,-36,0,0
1774,-64,0,0
1775,-92,0,0
1776,-104,0,0
1777,-88,0,0
1778,-52,0,0
1779,-36,0,0
1780,-36,0,0
1781,-80,0,0
1782,-64,0,0
1783,-40,0,0
1784,-56,0,0
1785,-68,0,0
1786,-96,0,0
1787,-100,0,0
1788,-76,0,0
1789,-36,0,0
1790,-32,0,0
1791,-28,0,0
1792,-52,0,0
1793,-68,0,0
1794,-36,0,0
1795,-36,0,0
1796,-88,0,0
1797,-56,0,0
1798,-64,0,0
1799,-56,0,0
1800,-40,0,0
1801,-60,0,0
1802,-56,0,0
1803,-72,0,0
1804,-64,0,0
1805,-32,0,0
1806,-72,0,0
1807,-68,0,0
1808,-100,0,0
1809,-68,0,0
1810,-56,0,0
1811,-52,0,0
1812,-40,0,0
1813,-36,0,0
1814,-40,0,0
1815,-36,0,0
1816,-16,0,0
1817,-44,0,0
1818,-48,0,0
1819,-48,0,0
1820,-72,0,0
1821,-100,0,0
1822,-60,0,0
1823,-64,0,0
1824,-52,0,0
1825,-60,0,0
1826,-48,0,0
1827,-48,0,0
1828,-72,0,0
1829,-44,0,0
1830,-68,0,0
1831,-76,0,0
1832,-60,0,0
1833,-48,0,0
1834,-40,0,0
1835,-56,0,0
1836,-60,0,0
1837,-52,0,0
1838,-60,0,0
1839,-60,0,0
1840,-44,0,0
1841,-56,0,0
1842,-88,0,0
1843,-68,0,0
1844,-76,0,0
1845,-60,0,0
1846,-48,0,0
1847,-48,0,0
1848,-32,0,0
1849,-32,0,0
1850,-52,0,0
1851,-64,0,0
1852,-72,0,0
1853,-96,0,0
1854,-88,0,0
1855,-76,0,0
1856,-72,0,0
1857,-64,0,0
1858,-60,0,0
1859,-64,0,0
1860,-48,0,0
1861,-52,0,0
1862,-60,0,0
1863,-44,0,0
1864,-28,0,0
1865,-56,0,0
1866,-44,0,0
1867,-28,0,0
1868,-44,0,0
1869,-44,0,0
1870,-52,0,0
1871,-60,0,0
1872,-36,0,0
1873,-44,0,0
1874,-40,0,0
1875,-48,0,0
1876,-36,0,0
1877,-36,0,0
1878,-68,0,0
1879,-56,0,0
1880,-44,0,0
1881,-56,0,0
1882,-44,0,0
1883,-36,0,0
1884,-64,0,0
1885,-60,0,0
1886,-36,0,0
1887,-24,0,0
1888,-44,0,0
1889,-44,0,0
1890,-40,0,0
1891,-52,0,0
1892,-48,0,0
1893,-36,0,0
1894,-32,0,0
1895,-60,0,0
1896,-64,0,0
1897,-76,0,0
1898,-56,0,0
1899,-36,0,0
1900,-36,0,0
1901,-60,0,0
1902,-56,0,0
1903,-48,0,0
1904,-36,0,0
1905,-52,0,0
1906,-56,0,0
1907,-60,0,0
1908,-92,0,0
1909,-64,0,0
1910,-88,0,0
1911,-76,0,0
1912,-80,0,0
1913,-64,0,0
1914,-52,0,0
1915,-48,0,0
1916,-44,0,0
1917,-32,0,0
1918,-48,0,0
1919,-56,0,0
1920,-56,0,0
1921,-48,0,0
1922,-60,0,0
1923,-76,0,0
1924,-60,0,0
1925,-32,0,0
1926,-64,0,0
1927,-60,0,0
1928,-64,0,0
1929,-64,0,0
1930,-40,0,0
1931,-32,0,0
1932,-48,0,0
1933,-48,0,0
1934,-48,0,0
1935,-32,0,0
1936,-40,0,0
1937,-56,0,0
1938,-64,0,0
1939,-68,0,0
1940,-64,0,0
1941,-36,0,0
1942,-60,0,0
1943,-56,0,0
1944,-52,0,0
1945,-64,0,0
1946,-44,0,0
1947,-64,0,0
1948,-84,0,0
1949,-76,0,0
1950,-96,0,0
1951,-76,0,0
1952,-68,0,0
1953,-72,0,0
1954,-44,0,0
1955,-60,0,0
1956,-48,0,0
1957,-40,0,0
1958,-48,0,0
1959,-48,0,0
1960,-48,0,0
1961,-40,0,0
1962,-64,0,0
1963,-72,0,0
1964,-68,0,0
1965,-56,0,0
1966,-60,0,0
1967,-72,0,0
1968,-44,0,0
1969,-80,0,0
1970,-68,0,0
1971,-68,0,0
1972,-68,0,0
1973,-80,0,0
1974,-36,0,0
1975,-52,0,0
1976,-60,0,0
1977,-48,0,0
1978,-84,0,0
1979,-64,0,0
1980,-56,0,0
1981,-44,0,0
1982,-60,0,0
1983,-80,0,0
1984,-84,0,0
1985,-80,0,0
1986,-72,0,0
1987,-64,0,0
1988,-60,0,0
1989,-88,0,0
1990,-48,0,0
1991,-56,0,0
1992,-24,0,0
1993,-48,0,0
1994,-48,0,0
1995,-32,0,0
1996,-36,0,0
1997,-44,0,0
1998,-40,0,0
1999,-20,0,0
2000,-52,0,0
2001,-44,0,0
2002,-44,0,0
2003,-44,0,0
2004,-60,0,0
2005,-44,0,0
2006,-52,0,0
2007,-28,0,0
2008,-36,0,0
2009,-36,0,0
2010,-72,0,0
2011,-96,0,0
2012,-76,0,0
2013,-84,0,0
2014,-96,0,0
2015,-96,0,0
2016,-52,0,0
2017,-60,0,0
2018,-56,0,0
2019,-44,0,0
2020,-64,0,0
2021,-52,0,0
2022,-68,0,0
2023,-80,0,0
2024,-48,0,0
2025,-40,0,0
2026,-64,0,0
2027,-68,0,0
2028,-64,0,0
2029,-64,0,0
2030,-44,0,0
2031,-28,0,0
2032,-72,0,0
2033,-60,0,0
2034,-64,0,0
2035,-56,0,0
2036,-64,0,0
2037,-68,0,0
2038,-52,0,0
2039,-76,0,0
2040,-36,0,0
2041,-36,0,0
2042,-68,0,0
2043,-44,0,0
2044,-36,0,0
2045,-40,0,0
2046,-52,0,0
2047,-52,0,0
2048,-44,0,0
2049,-60,0,0
2050,-100,0,0
2051,-92,0,0
2052,-84,0,0
2053,-80,0,0
2054,-52,0,0
2055,-60,0,0
2056,-72,0,0
2057,-52,0,0
2058,-44,0,0
2059,-52,0,0
2060,-60,0,0
2061,-60,0,0
2062,-48,0,0
2063,-48,0,0
2064,-48,0,0
2065,-60,0,0
2066,-60,0,0
2067,-44,0,0
2068,-56,0,0
2069,-36,0,0
2070,-88,0,0
2071,-68,0,0
2072,-48,0,0
2073,-40,0,0
2074,-56,0,0
2075,-56,0,0
2076,-56,0,0
2077,-72,0,0
2078,-52,0,0
2079,-44,0,0
2080,-88,0,0
2081,-52,0,0
2082,-36,0,0
2083,-56,0,0
2084,-60,0,0
2085,-44,0,0
2086,-16,0,0
2087,-40,0,0
2088,-56,0,0
2089,-52,0,0
2090,-72,0,0
2091,-96,0,0
2092,-44,0,0
2093,-40,0,0
2094,-32,0,0
2095,-36,0,0
2096,-28,0,0
2097,-32,0,0
2098,-32,0,0
2099,-40,0,0
2100,-44,0,0
2101,-52,0,0
2102,-36,0,0
2103,-60,0,0
2104,-44,0,0
2105,-44,0,0
2106,-60,0,0
2107,-48,0,0
2108,-76,0,0
2109,-72,0,0
2110,-96,0,0
2111,-40,0,0
2112,-52,0,0
2113,-64,0,0
2114,-48,0,0
2115,-64,0,0
2116,-76,0,0
2117,-64,0,0
2118,-56,0,0
2119,-48,0,0
2120,-48,0,0
2121,-24,0,0
2122,-36,0,0
2123,-60,0,0
2124,-72,0,0
2125,-48,0,0
2126,-44,0,0
2127,-80,0,0
2128,-72,0,0
2129,-48,0,0
2130,-56,0,0
2131,-56,0,0
2132,-56,0,0
2133,-52,0,0
2134,-72,0,0
2135,-60,0,0
2136,-32,0,0
2137,-52,0,0
2138,-48,0,0
2139,-52,0,0
2140,-44,0,0
2141,-36,0,0
2142,-64,0,0
2143,-60,0,0
2144,-52,0,0
2145,-40,0,0
2146,-48,0,0
2147,-44,0,0
2148,-32,0,0
2149,-48,0,0
2150,-36,0,0
2151,-36,0,0
2152,-48,0,0
2153,-56,0,0
2154,-44,0,0
2155,-80,0,0
2156,-56,0,0
2157,-56,0,0
2158,-52,0,0
2159,-44,0,0
2160,-52,0,0
2161,-40,0,0
2162,-56,0,0
2163,-36,0,0
2164,-52,0,0
2165,-76,0,0
2166,-60,0,0
2167,-64,0,0
2168,-96,0,0
2169,-52,0,0
2170,-60,0,0
2171,-88,0,0
2172,-72,0,0
2173,-56,0,0
2174,-60,0,0
2175,-64,0,0
2176,-44,0,0
2177,-40,0,0
2178,-36,0,0
2179,-84,0,0
2180,-80,0,0
2181,-72,0,0
2182,-76,0,0
2183,-52,0,0
2184,-56,0,0
2185,-68,0,0
2186,-72,0,0
2187,-64,0,0
2188,-32,0,0
2189,-72,0,0
2190,-68,0,0
2191,-64,0,0
2192,-64,0,0
2193,-56,0,0
2194,-76,0,0
2195,-68,0,0
2196,-80,0,0
2197,-60,0,0
2198,-60,0,0
2199,-88,0,0
2200,-64,0,0
2201,-56,0,0
2202,-56,0,0
2203,-32,0,0
2204,-32,0,0
2205,-60,0,0
2206,-40,0,0
2207,-52,0,0
2208,-56,0,0
2209,-44,0,0
2210,-32,0,0
2211,-48,0,0
2212,-76,0,0
2213,-60,0,0
2214,-40,0,0
2215,-56,0,0
2216,-48,0,0
2217,-48,0,0
2218,-44,0,0
2219,-32,0,0
2220,-32,0,0
2221,-36,0,0
2222,-56,0,0
2223,-68,0,0
2224,-60,0,0
2225,-60,0,0
2226,-72,0,0
2227,-60,0,0
2228,-64,0,0
2229,-52,0,0
2230,-48,0,0
2231,-52,0,0
2232,-36,0,0
2233,-44,0,0
2234,-20,0,0
2235,-48,0,0
2236,-40,0,0
2237,-52,0,0
2238,-40,0,0
2239,-52,0,0
2240,-48,0,0
2241,-68,0,0
2242,-44,0,0
2243,-52,0,0
2244,-60,0,0
2245,-60,0,0
2246,-36,0,0
2247,-64,0,0
2248,-72,0,0
2249,-56,0,0
2250,-44,0,0
2251,-52,0,0
2252,-52,0,0
2253,-40,0,0
2254,-68,0,0
2255,-84,0,0
2256,-64,0,0
2257,-40,0,0
2258,-32,0,0
2259,-32,0,0
2260,-40,0,0
2261,-72,0,0
2262,-72,0,0
2263,-80,0,0
2264,-84,0,0
2265,-60,0,0
2266,-40,0,0
2267,-76,0,0
2268,-76,0,0
2269,-40,0,0
2270,-44,0,0
2271,-48,0,0
2272,-44,0,0
2273,-28,0,0
2274,-40,0,0
2275,-52,0,0
2276,-44,0,0
2277,-60,0,0
2278,-80,0,0
2279,-52,0,0
2280,-48,0,0
2281,-52,0,0
2282,-60,0,0
2283,-60,0,0
2284,-56,0,0
2285,-76,0,0
2286,-68,0,0
2287,-84,0,0
2288,-76,0,0
2289,-80,0,0
2290,-40,0,0
2291,-44,0,0
2292,-48,0,0
2293,-36,0,0
2294,-20,0,0
2295,-28,0,0
2296,-104,0,0
2297,-92,0,0
2298,-40,0,0
2299,-36,0,0
2300,-44,0,0
2301,-52,0,0
2302,-60,0,0
2303,-48,0,0
2304,-56,0,0
2305,-32,0,0
2306,-28,0,0
2307,-44,0,0
2308,-40,0,0
2309,-36,0,0
2310,-60,0,0
2311,-48,0,0
2312,-52,0,0
2313,-36,0,0
2314,-24,0,0
2315,-16,0,0
2316,-40,0,0
2317,-56,0,0
2318,-68,0,0
2319,-56,0,0
2320,-60,0,0
2321,-64,0,0
2322,-48,0,0
2323,-44,0,0
2324,-40,0,0
2325,-60,0,0
2326,-60,0,0
2327,-60,0,0
2328,-52,0,0
2329,-68,0,0
2330,-48,0,0
2331,-36,0,0
2332,-52,0,0
2333,-44,0,0
2334,-40,0,0
2335,-76,0,0
2336,-60,0,0
2337,-48,0,0
2338,-32,0,0
2339,-56,0,0
2340,-44,0,0
2341,-52,0,0
2342,-52,0,0
2343,-80,0,0
2344,-32,0,0
2345,-44,0,0
2346,-56,0,0
2347,-100,0,0
2348,-72,0,0
2349,-40,0,0
2350,-28,0,0
2351,-52,0,0
2352,-52,0,0
2353,-76,0,0
2354,-72,0,0
2355,-56,0,0
2356,-64,0,0
2357,-56,0,0
2358,-84,0,0
2359,-44,0,0
2360,-32,0,0
2361,-20,0,0
2362,-48,0,0
2363,-56,0,0
2364,-72,0,0
2365,-60,0,0
2366,-56,0,0
2367,-52,0,0
2368,-60,0,0
2369,-32,0,0
2370,-52,0,0
2371,-64,0,0
2372,-104,0,0
2373,-88,0,0
2374,-48,0,0
2375,-72,0,0
2376,-44,0,0
2377,-52,0,0
2378,-80,0,0
2379,-76,0,0
2380,-56,0,0
2381,-24,0,0
2382,-32,0,0
2383,-56,0,0
2384,-68,0,0
2385,-52,0,0
2386,-60,0,0
2387,-44,0,0
2388,-28,0,0
2389,-48,0,0
2390,-56,0,0
2391,-36,0,0
2392,-52,0,0
2393,-60,0,0
2394,-44,0,0
2395,-48,0,0
2396,-84,0,0
2397,-56,0,0
2398,-64,0,0
2399,-68,0,0
2400,-44,0,0
2401,-52,0,0
2402,-56,0,0
2403,-36,0,0
2404,-36,0,0
2405,-48,0,0
2406,-36,0,0
2407,-40,0,0
2408,-52,0,0
2409,-64,0,0
2410,-60,0,0
2411,-72,0,0
2412,-40,0,0
2413,-28,0,0
2414,-56,0,0
2415,-44,0,0
2416,-44,0,0
2417,-56,0,0
2418,-44,0,0
2419,-24,0,0
2420,-28,0,0
2421,-40,0,0
2422,-40,0,0
2423,-68,0,0
2424,-100,0,0
2425,-88,0,0
2426,-80,0,0
2427,-48,0,0
2428,-28,0,0
2429,-56,0,0
2430,-32,0,0
2431,-40,0,0
2432,-48,0,0
2433,-40,0,0
2434,-32,0,0
2435,-32,0,0
2436,-36,0,0
2437,-44,0,0
2438,-32,0,0
2439,-52,0,0
2440,-60,0,0
2441,-76,0,0
2442,-68,0,0
2443,-36,0,0
2444,-76,0,0
2445,-72,0,0
2446,-76,0,0
2447,-76,0,0
2448,-56,0,0
2449,-28,0,0
2450,-48,0,0
2451,-40,0,0
2452,-64,0,0
2453,-72,0,0
2454,-68,0,0
2455,-72,0,0
2456,-56,0,0
2457,-68,0,0
2458,-72,0,0
2459,-60,0,0
2460,-64,0,0
2461,-56,0,0
2462,-32,0,0
2463,-28,0,0
2464,-44,0,0
2465,-52,0,0
2466,-64,0,0
2467,-56,0,0
2468,-68,0,0
2469,-44,0,0
2470,-40,0,0
2471,-32,0,0
2472,-52,0,0
2473,-32,0,0
2474,-24,0,0
2475,-40,0,0
2476,-28,0,0
2477,-32,0,0
2478,-44,0,0
2479,-32,0,0
2480,-40,0,0
2481,-52,0,0
2482,-48,0,0
2483,-64,0,0
2484,-64,0,0
2485,-52,0,0
2486,-32,0,0
2487,-24,0,0
2488,-48,0,0
2489,-40,0,0
2490,-48,0,0
2491,-48,0,0
2492,-56,0,0
2493,-40,0,0
2494,-48,0,0
2495,-44,0,0
2496,-56,0,0
2497,-72,0,0
2498,-64,0,0
2499,-64,0,0
2500,-52,0,0
2501,-36,0,0
2502,-48,0,0
2503,-48,0,0
2504,-32,0,0
2505,-48,0,0
2506,-40,0,0
2507,-60,0,0
2508,-52,0,0
2509,-44,0,0
2510,-44,0,0
2511,-36,0,0
2512,-68,0,0
2513,-64,0,0
2514,-52,0,0
2515,-56,0,0
2516,-76,0,0
2517,-68,0,0
2518,-44,0,0
2519,-32,0,0
2520,-44,0,0
2521,-56,0,0
2522,-52,0,0
2523,-76,0,0
2524,-48,0,0
2525,-52,0,0
2526,-52,0,0
2527,-60,0,0
2528,-68,0,0
2529,-44,0,0
2530,-24,0,0
2531,-48,0,0
2532,-60,0,0
2533,-44,0,0
2534,-56,0,0
2535,-40,0,0
2536,-40,0,0
2537,-64,0,0
2538,-76,0,0
2539,-56,0,0
2540,-56,0,0
2541,-36,0,0
2542,-48,0,0
2543,-44,0,0
2544,-44,0,0
2545,-56,0,0
2546,-32,0,0
2547,-88,0,0
2548,-88,0,0
2549,-72,0,0
2550,-56,0,0
2551,-76,0,0
2552,-44,0,0
2553,-48,0,0
2554,-80,0,0
2555,-68,0,0
2556,-76,0,0
2557,-96,0,0
2558,-76,0,0
2559,-104,0,0
2560,-76,0,0
2561,-48,0,0
2562,-64,0,0
2563,-36,0,0
2564,-36,0,0
2565,-48,0,0
2566,-44,0,0
2567,-44,0,0
2568,-28,0,0
2569,-32,0,0
2570,-48,0,0
2571,-68,0,0
2572,-68,0,0
2573,-56,0,0
2574,-52,0,0
2575,-60,0,0
2576,-60,0,0
2577,-40,0,0
2578,-40,0,0
2579,-32,0,0
2580,-40,0,0
2581,-64,0,0
2582,-64,0,0
2583,-60,0,0
2584,-72,0,0
2585,-64,0,0
2586,-60,0,0
2587,-40,0,0
2588,-56,0,0
2589,-48,0,0
2590,-60,0,0
2591,-48,0,0
2592,-36,0,0
2593,-40,0,0
2594,-56,0,0
2595,-72,0,0
2596,-56,0,0
2597,-48,0,0
2598,-52,0,0
2599,-52,0,0
2600,-56,0,0
2601,-56,0,0
2602,-60,0,0
2603,-44,0,0
2604,-52,0,0
2605,-60,0,0
2606,-72,0,0
2607,-48,0,0
2608,-60,0,0
2609,-52,0,0
2610,-40,0,0
2611,-56,0,0
2612,-36,0,0
2613,-28,0,0
2614,-48,0,0
2615,-60,0,0
2616,-52,0,0
2617,-56,0,0
2618,-36,0,0
2619,-80,0,0
2620,-64,0,0
2621,-40,0,0
2622,-52,0,0
2623,-44,0,0
2624,-36,0,0
2625,-44,0,0
2626,-40,0,0
2627,-28,0,0
2628,-44,0,0
2629,-60,0,0
2630,-52,0,0
2631,-48,0,0
2632,-48,0,0
2633,-52,0,0
2634,-60,0,0
2635,-44,0,0
2636,-52,0,0
2637,-56,0,0
2638,-72,0,0
2639,-52,0,0
2640,-80,0,0
2641,-68,0,0
2642,-92,0,0
2643,-84,0,0
2644,-52,0,0
2645,-48,0,0
2646,-44,0,0
2647,-48,0,0
2648,-60,0,0
2649,-80,0,0
2650,-112,0,0
2651,-48,0,0
2652,-48,0,0
2653,-52,0,0
2654,-32,0,0
2655,-36,0,0
2656,-44,0,0
2657,-80,0,0
2658,-44,0,0
2659,-56,0,0
2660,-52,0,0
2661,-36,0,0
2662,-40,0,0
2663,-40,0,0
2664,-36,0,0
2665,-20,0,0
2666,-24,0,0
2667,-48,0,0
2668,-36,0,0
2669,-36,0,0
2670,-48,0,0
2671,-56,0,0
2672,-72,0,0
2673,-72,0,0
2674,-88,0,0
2675,-80,0,0
2676,-84,0,0
2677,-80,0,0
2678,-100,0,0
2679,-60,0,0
2680,-68,0,0
2681,-80,0,0
2682,-112,0,0
2683,-72,0,0
2684,-72,0,0
2685,-64,0,0
2686,-60,0,0
2687,-36,0,0
2688,-56,0,0
2689,-52,0,0
2690,-44,0,0
2691,-44,0,0
2692,-40,0,0
2693,-40,0,0
2694,-48,0,0
2695,-52,0,0
2696,-44,0,0
2697,-32,0,0
2698,-48,0,0
2699,-52,0,0
2700,-64,0,0
2701,-52,0,0
2702,-60,0,0
2703,-52,0,0
2704,-44,0,0
2705,-52,0,0
2706,-52,0,0
2707,-56,0,0
2708,-64,0,0
2709,-48,0,0
2710,-48,0,0
2711,-52,0,0
2712,-36,0,0
2713,-36,0,0
2714,-52,0,0
2715,-28,0,0
2716,-40,0,0
2717,-80,0,0
2718,-76,0,0
2719,-92,0,0
2720,-112,0,0
2721,-80,0,0
2722,-92,0,0
2723,-72,0,0
2724,-76,0,0
2725,-64,0,0
2726,-76,0,0
2727,-68,0,0
2728,-40,0,0
2729,-68,0,0
2730,-84,0,0
2731,-56,0,0
2732,-44,0,0
2733,-60,0,0
2734,-68,0,0
2735,-48,0,0
2736,-28,0,0
2737,-52,0,0
2738,-48,0,0
2739,-56,0,0
2740,-48,0,0
2741,-64,0,0
2742,-60,0,0
2743,-40,0,0
2744,-40,0,0
2745,-40,0,0
2746,-28,0,0
2747,-20,0,0
2748,-32,0,0
2749,-44,0,0
2750,-60,0,0
2751,-64,0,0
2752,-64,0,0
2753,-44,0,0
2754,-36,0,0
2755,-60,0,0
2756,-72,0,0
2757,-60,0,0
2758,-44,0,0
2759,-72,0,0
2760,-68,0,0
2761,-32,0,0
2762,-32,0,0
2763,-52,0,0
2764,-72,0,0
2765,-64,0,0
2766,-60,0,0
2767,-68,0,0
2768,-64,0,0
2769,-52,0,0
2770,-68,0,0
2771,-44,0,0
2772,-40,0,0
2773,-60,0,0
2774,-52,0,0
2775,-60,0,0
2776,-76,0,0
2777,-48,0,0
2778,-92,0,0
2779,-72,0,0
2780,-60,0,0
2781,-52,0,0
2782,-64,0,0
2783,-60,0,0
2784,-44,0,0
2785,-48,0,0
2786,-48,0,0
2787,-64,0,0
2788,-44,0,0
2789,-60,0,0
2790,-60,0,0
2791,-52,0,0
2792,-48,0,0
2793,-60,0,0
2794,-52,0,0
2795,-36,0,0
2796,-40,0,0
2797,-72,0,0
2798,-52,0,0
2799,-60,0,0
2800,-72,0,0
2801,-64,0,0
2802,-44,0,0
2803,-80,0,0
2804,-68,0,0
2805,-80,0,0
2806,-48,0,0
2807,-80,0,0
2808,-80,0,0
2809,-68,0,0
2810,-48,0,0
2811,-60,0,0
2812,-56,0,0
2813,-60,0,0
2814,-92,0,0
2815,-68,0,0
2816,-68,0,0
2817,-72,0,0
2818,-40,0,0
2819,-52,0,0
2820,-48,0,0
2821,-44,0,0
2822,-32,0,0
2823,-36,0,0
2824,-24,0,0
2825,-24,0,0
2826,-20,0,0
2827,-32,0,0
2828,-44,0,0
2829,-64,0,0
2830,-80,0,0
2831,-92,0,0
2832,-52,0,0
2833,-68,0,0
2834,-56,0,0
2835,-56,0,0
2836,-100,0,0
2837,-80,0,0
2838,-48,0,0
2839,-64,0,0
2840,-32,0,0
2841,-40,0,0
2842,-60,0,0
2843,-40,0,0
2844,-36,0,0
2845,-76,0,0
2846,-64,0,0
2847,-40,0,0
2848,-60,0,0
2849,-60,0,0
2850,-40,0,0
2851,-52,0,0
2852,-60,0,0
2853,-40,0,0
2854,-48,0,0
2855,-52,0,0
2856,-48,0,0
2857,-60,0,0
2858,-68,0,0
2859,-80,0,0
2860,-52,0,0
2861,-52,0,0
2862,-52,0,0
2863,-48,0,0
2864,-84,0,0
2865,-60,0,0
2866,-56,0,0
2867,-48,0,0
2868,-24,0,0
2869,-36,0,0
2870,-36,0,0
2871,-36,0,0
2872,-36,0,0
2873,-36,0,0
2874,-24,0,0
2875,-56,0,0
2876,-64,0,0
2877,-56,0,0
2878,-60,0,0
2879,-28,0,0
2880,-28,0,0
2881,-36,0,0
2882,-32,0,0
2883,-48,0,0
2884,-60,0,0
2885,-32,0,0
2886,-44,0,0
2887,-44,0,0
2888,-40,0,0
2889,-52,0,0
2890,-96,0,0
2891,-36,0,0
2892,-48,0,0
2893,-32,0,0
2894,-32,0,0
2895,-44,0,0
2896,-68,0,0
2897,-40,0,0
2898,-40,0,0
2899,-40,0,0
2900,-44,0,0
2901,-32,0,0
2902,-60,0,0
2903,-48,0,0
2904,-40,0,0
2905,-44,0,0
2906,-56,0,0
2907,-52,0,0
2908,-52,0,0
2909,-40,0,0
2910,-36,0,0
2911,-72,0,0
2912,-84,0,0
2913,-60,0,0
2914,-60,0,0
2915,-48,0,0
2916,-76,0,0
2917,-76,0,0
2918,-88,0,0
2919,-84,0,0
2920,-60,0,0
2921,-60,0,0
2922,-60,0,0
2923,-68,0,0
2924,-56,0,0
2925,-52,0,0
2926,-52,0,0
2927,-40,0,0
2928,-48,0,0
2929,-40,0,0
2930,-48,0,0
2931,-64,0,0
2932,-76,0,0
2933,-60,0,0
2934,-64,0,0
2935,-52,0,0
2936,-56,0,0
2937,-56,0,0
2938,-52,0,0
2939,-40,0,0
2940,-60,0,0
2941,-56,0,0
2942,-96,0,0
2943,-100,0,0
2944,-68,0,0
2945,-76,0,0
2946,-36,0,0
2947,-52,0,0
2948,-68,0,0
2949,-92,0,0
2950,-108,0,0
2951,-76,0,0
2952,-84,0,0
2953,-92,0,0
2954,-64,0,0
2955,-32,0,0
2956,-56,0,0
2957,-56,0,0
2958,-64,0,0
2959,-36,0,0
2960,-32,0,0
2961,-64,0,0
2962,-48,0,0
2963,-40,0,0
2964,-64,0,0
2965,-64,0,0
2966,-72,0,0
2967,-56,0,0
2968,-28,0,0
2969,-24,0,0
2970,-48,0,0
2971,-48,0,0
2972,-40,0,0
2973,-48,0,0
2974,-48,0,0
2975,-60,0,0
2976,-80,0,0
2977,-92,0,0
2978,-96,0,0
2979,-60,0,0
2980,-44,0,0
2981,-36,0,0
2982,-48,0,0
2983,-64,0,0
2984,-48,0,0
2985,-60,0,0
2986,-52,0,0
2987,-52,0,0
2988,-56,0,0
2989,-44,0,0
2990,-48,0,0
2991,-52,0,0
2992,-44,0,0
2993,-76,0,0
2994,-60,0,0
2995,-56,0,0
2996,-48,0,0
2997,-40,0,0
2998,-52,0,0
2999,-48,0,0
3000,-48,0,0
3001,-68,0,0
3002,-60,0,0
3003,-56,0,0
3004,-56,0,0
3005,-48,0,0
3006,-56,0,0
3007,-56,0,0
3008,-80,0,0
3009,-52,0,0
3010,-36,0,0
3011,-56,0,0
3012,-40,0,0
3013,-56,0,0
3014,-76,0,0
3015,-120,0,0
3016,-76,0,0
3017,-72,0,0
3018,-68,0,0
3019,-76,0,0
3020,-88,0,0
3021,-76,0,0
3022,-80,0,0
3023,-52,0,0
3024,-56,0,0
3025,-52,0,0
3026,-52,0,0
3027,-52,0,0
3028,-56,0,0
3029,-36,0,0
3030,-48,0,0
3031,-36,0,0
3032,-48,0,0
3033,-48,0,0
3034,-56,0,0
3035,-60,0,0
3036,-44,0,0
3037,-64,0,0
3038,-40,0,0
3039,-52,0,0
3040,-60,0,0
3041,-68,0,0
3042,-72,0,0
3043,-100,0,0
3044,-84,0,0
3045,-68,0,0
3046,-68,0,0
3047,-76,0,0
3048,-68,0,0
3049,-44,0,0
3050,-32,0,0
3051,-52,0,0
3052,-52,0,0
3053,-56,0,0
3054,-68,0,0
3055,-80,0,0
3056,-56,0,0
3057,-44,0,0
3058,-64,0,0
3059,-40,0,0
3060,-48,0,0
3061,-48,0,0
3062,-20,0,0
3063,-52,0,0
3064,-40,0,0
3065,-28,0,0
3066,-52,0,0
3067,-96,0,0
3068,-64,0,0
3069,-56,0,0
3070,-48,0,0
3071,-32,0,0
3072,-48,0,0
3073,-44,0,0
3074,-40,0,0
3075,-56,0,0
3076,-60,0,0
3077,-64,0,0
3078,-44,0,0
3079,-56,0,0
3080,-72,0,0
3081,-44,0,0
3082,-60,0,0
3083,-48,0,0
3084,-68,0,0
3085,-56,0,0
3086,-44,0,0
3087,-40,0,0
3088,-36,0,0
3089,-40,0,0
3090,-84,0,0
3091,-76,0,0
3092,-68,0,0
3093,-44,0,0
3094,-16,0,0
3095,-40,0,0
3096,-52,0,0
3097,-48,0,0
3098,-56,0,0
3099,-84,0,0
3100,-72,0,0
3101,-60,0,0
3102,-48,0,0
3103,-40,0,0
3104,-56,0,0
3105,-60,0,0
3106,-76,0,0
3107,-72,0,0
3108,-52,0,0
3109,-56,0,0
3110,-56,0,0
3111,-48,0,0
3112,-36,0,0
3113,-52,0,0
3114,-40,0,0
3115,-52,0,0
3116,-32,0,0
3117,-36,0,0
3118,-52,0,0
3119,-64,0,0
3120,-64,0,0
3121,-76,0,0
3122,-60,0,0
3123,-52,0,0
3124,-48,0,0
3125,-32,0,0
3126,-48,0,0
3127,-48,0,0
3128,-56,0,0
3129,-80,0,0
3130,-84,0,0
3131,-64,0,0
3132,-60,0,0
3133,-48,0,0
3134,-48,0,0
3135,-52,0,0
3136,-60,0,0
3137,-52,0,0
3138,-52,0,0
3139,-44,0,0
3140,-32,0,0
3141,-28,0,0
3142,-68,0,0
3143,-84,0,0
3144,-72,0,0
3145,-64,0,0
3146,-56,0,0
3147,-32,0,0
3148,-36,0,0
3149,-48,0,0
3150,-68,0,0
3151,-68,0,0
3152,-68,0,0
3153,-32,0,0
3154,-48,0,0
3155,-56,0,0
3156,-40,0,0
3157,-64,0,0
3158,-68,0,0
3159,-72,0,0
3160,-56,0,0
3161,-36,0,0
3162,-68,0,0
3163,-68,0,0
3164,-64,0,0
3165,-72,0,0
3166,-72,0,0
3167,-84,0,0
3168,-80,0,0
3169,-76,0,0
3170,-72,0,0
3171,-56,0,0
3172,-48,0,0
3173,-64,0,0
3174,-76,0,0
3175,-68,0,0
3176,-60,0,0
3177,-24,0,0
3178,-32,0,0
3179,-20,0,0
3180,-28,0,0
3181,-64,0,0
3182,-56,0,0
3183,-68,0,0
3184,-36,0,0
3185,-52,0,0
3186,-68,0,0
3187,-72,0,0
3188,-52,0,0
3189,-48,0,0
3190,-80,0,0
3191,-48,0,0
3192,-36,0,0
3193,-56,0,0
3194,-52,0,0
3195,-52,0,0
3196,-52,0,0
3197,-60,0,0
3198,-64,0,0
3199,-40,0,0
3200,-48,0,0
3201,-40,0,0
3202,-36,0,0
3203,-52,0,0
3204,-56,0,0
3205,-64,0,0
3206,-72,0,0
3207,-72,0,0
3208,-52,0,0
3209,-32,0,0
3210,-56,0,0
3211,-48,0,0
3212,-52,0,0
3213,-20,0,0
3214,-36,0,0
3215,-48,0,0
3216,-48,0,0
3217,-56,0,0
3218,-56,0,0
3219,-44,0,0
3220,-44,0,0
3221,-68,0,0
3222,-48,0,0
3223,-44,0,0
3224,-52,0,0
3225,-32,0,0
3226,-48,0,0
3227,-40,0,0
3228,-40,0,0
3229,-60,0,0
3230,-68,0,0
3231,-76,0,0
3232,-36,0,0
3233,-24,0,0
3234,-44,0,0
3235,-64,0,0
3236,-72,0,0
3237,-48,0,0
3238,-68,0,0
3239,-44,0,0
3240,-44,0,0
3241,-48,0,0
3242,-52,0,0
3243,-40,0,0
3244,-88,0,0
3245,-76,0,0
3246,-68,0,0
3247,-52,0,0
3248,-48,0,0
3249,-60,0,0
3250,-68,0,0
3251,-72,0,0
3252,-52,0,0
3253,-72,0,0
3254,-72,0,0
3255,-52,0,0
3256,-64,0,0
3257,-60,0,0
3258,-40,0,0
3259,-48,0,0
3260,-52,0,0
3261,-92,0,0
3262,-52,0,0
3263,-48,0,0
3264,-44,0,0
3265,-48,0,0
3266,-76,0,0
3267,-84,0,0
3268,-92,0,0
3269,-80,0,0
3270,-92,0,0
3271,-64,0,0
3272,-32,0,0
3273,-68,0,0
3274,-36,0,0
3275,-32,0,0
3276,-36,0,0
3277,-52,0,0
3278,-32,0,0
3279,-36,0,0
3280,-36,0,0
3281,-40,0,0
3282,-36,0,0
3283,-28,0,0
3284,-44,0,0
3285,-48,0,0
3286,-40,0,0
3287,-40,0,0
3288,-24,0,0
3289,-40,0,0
3290,-44,0,0
3291,-44,0,0
3292,-64,0,0
3293,-44,0,0
3294,-40,0,0
3295,-48,0,0
3296,-48,0,0
3297,-72,0,0
3298,-64,0,0
3299,-64,0,0
3300,-52,0,0
3301,-64,0,0
3302,-56,0,0
3303,-60,0,0
3304,-60,0,0
3305,-64,0,0
3306,-56,0,0
3307,-72,0,0
3308,-52,0,0
3309,-40,0,0
3310,-56,0,0
3311,-44,0,0
3312,-44,0,0
3313,-36,0,0
3314,-28,0,0
3315,-40,0,0
3316,-36,0,0
3317,-36,0,0
3318,-52,0,0
3319,-68,0,0
3320,-104,0,0
3321,-84,0,0
3322,-44,0,0
3323,-56,0,0
3324,-40,0,0
3325,-28,0,0
3326,-36,0,0
3327,-36,0,0
3328,-56,0,0
3329,-76,0,0
3330,-60,0,0
3331,-60,0,0
3332,-80,0,0
3333,-44,0,0
3334,-52,0,0
3335,-56,0,0
3336,-40,0,0
3337,-52,0,0
3338,-64,0,0
3339,-60,0,0
3340,-40,0,0
3341,-60,0,0
3342,-32,0,0
3343,-28,0,0
3344,-32,0,0
3345,-40,0,0
3346,-28,0,0
3347,-28,0,0
3348,-32,0,0
3349,-40,0,0
3350,-48,0,0
3351,-44,0,0
3352,-60,0,0
3353,-40,0,0
3354,-56,0,0
3355,-48,0,0
3356,-40,0,0
3357,-24,0,0
3358,-44,0,0
3359,-48,0,0
3360,-32,0,0
3361,-24,0,0
3362,-36,0,0
3363,-48,0,0
3364,-44,0,0
3365,-56,0,0
3366,-48,0,0
3367,-72,0,0
3368,-40,0,0
3369,-48,0,0
3370,-36,0,0
3371,-32,0,0
3372,-64,0,0
3373,-52,0,0
3374,-52,0,0
3375,-88,0,0
3376,-88,0,0
3377,-80,0,0
3378,-60,0,0
3379,-60,0,0
3380,-64,0,0
3381,-72,0,0
3382,-24,0,0
3383,-44,0,0
3384,-56,0,0
3385,-96,0,0
3386,-80,0,0
3387,-56,0,0
3388,-40,0,0
3389,-104,0,0
3390,-92,0,0
3391,-40,0,0
3392,-36,0,0
3393,-48,0,0
3394,-64,0,0
3395,-56,0,0
3396,-52,0,0
3397,-40,0,0
3398,-68,0,0
3399,-100,0,0
3400,-88,0,0
3401,-112,0,0
3402,-116,0,0
3403,-100,0,0
3404,-52,0,0
3405,-52,0,0
3406,-60,0,0
3407,-44,0,0
3408,-36,0,0
3409,-40,0,0
3410,-32,0,0
3411,-36,0,0
3412,-56,0,0
3413,-72,0,0
3414,-68,0,0
3415,-32,0,0
3416,-40,0,0
3417,-56,0,0
3418,-56,0,0
3419,-52,0,0
3420,-52,0,0
3421,-44,0,0
3422,-32,0,0
3423,-40,0,0
3424,-44,0,0
3425,-40,0,0
3426,-44,0,0
3427,-48,0,0
3428,-52,0,0
3429,-56,0,0
3430,-68,0,0
3431,-48,0,0
3432,-72,0,0
3433,-92,0,0
3434,-72,0,0
3435,-48,0,0
3436,-52,0,0
3437,-56,0,0
3438,-52,0,0
3439,-56,0,0
3440,-56,0,0
3441,-68,0,0
3442,-56,0,0
3443,-28,0,0
3444,-32,0,0
3445,-44,0,0
3446,-56,0,0
3447,-52,0,0
3448,-64,0,0
3449,-56,0,0
3450,-96,0,0
3451,-76,0,0
3452,-32,0,0
3453,-28,0,0
3454,-36,0,0
3455,-28,0,0
3456,-28,0,0
3457,-56,0,0
3458,-44,0,0
3459,-56,0,0
3460,-76,0,0
3461,-60,0,0
3462,-52,0,0
3463,-32,0,0
3464,-48,0,0
3465,-56,0,0
3466,-76,0,0
3467,-40,0,0
3468,-68,0,0
3469,-84,0,0
3470,-52,0,0
3471,-52,0,0
3472,-60,0,0
3473,-68,0,0
3474,-56,0,0
3475,-40,0,0
3476,-48,0,0
3477,-52,0,0
3478,-80,0,0
3479,-80,0,0
3480,-72,0,0
3481,-76,0,0
3482,-72,0,0
3483,-52,0,0
3484,-56,0,0
3485,-48,0,0
3486,-108,0,0
3487,-72,0,0
3488,-48,0,0
3489,-48,0,0
3490,-24,0,0
3491,-64,0,0
3492,-52,0,0
3493,-72,0,0
3494,-44,0,0
3495,-48,0,0
3496,-36,0,0
3497,-44,0,0
3498,-76,0,0
3499,-64,0,0
3500,-60,0,0
3501,-64,0,0
3502,-64,0,0
3503,-52,0,0
3504,-60,0,0
3505,-76,0,0
3506,-80,0,0
3507,-104,0,0
3508,-52,0,0
3509,-44,0,0
3510,-52,0,0
3511,-44,0,0
3512,-56,0,0
3513,-60,0,0
3514,-56,0,0
3515,-56,0,0
3516,-40,0,0
3517,-36,0,0
3518,-40,0,0
3519,-36,0,0
3520,-44,0,0
3521,-36,0,0
3522,-60,0,0
3523,-52,0,0
3524,-40,0,0
3525,-48,0,0
3526,-52,0,0
3527,-40,0,0
3528,-52,0,0
3529,-44,0,0
3530,-44,0,0
3531,-36,0,0
3532,-40,0,0
3533,-60,0,0
3534,-52,0,0
3535,-56,0,0
3536,-88,0,0
3537,-76,0,0
3538,-60,0,0
3539,-40,0,0
3540,-64,0,0
3541,-44,0,0
3542,-44,0,0
3543,-48,0,0
3544,-72,0,0
3545,-52,0,0
3546,-76,0,0
3547,-52,0,0
3548,-52,0,0
3549,-60,0,0
3550,-52,0,0
3551,-64,0,0
3552,-40,0,0
3553,-36,0,0
3554,-40,0,0
3555,-48,0,0
3556,-56,0,0
3557,-60,0,0
3558,-40,0,0
3559,-36,0,0
3560,-24,0,0
3561,-36,0,0
3562,-52,0,0
3563,-48,0,0
3564,-28,0,0
3565,-44,0,0
3566,-52,0,0
3567,-64,0,0
3568,-32,0,0
3569,-40,0,0
3570,-28,0,0
3571,-52,0,0
3572,-56,0,0
3573,-36,0,0
3574,-32,0,0
3575,-40,0,0
3576,-68,0,0
3577,-72,0,0
3578,-76,0,0
3579,-88,0,0
3580,-80,0,0
3581,-52,0,0
3582,-32,0,0
3583,-36,0,0
3584,-40,0,0
3585,-36,0,0
3586,-32,0,0
3587,-64,0,0
3588,-72,0,0
3589,-40,0,0
3590,-32,0,0
3591,-36,0,0
3592,-52,0,0
3593,-72,0,0
3594,-72,0,0
3595,-64,0,0
3596,-36,0,0
3597,-88,0,0
3598,-64,0,0
3599,-28,0,0
3600,-48,0,0
3601,-48,0,0
3602,-68,0,0
3603,-52,0,0
3604,-68,0,0
3605,-92,0,0
3606,-64,0,0
3607,-48,0,0
3608,-56,0,0
3609,-32,0,0
3610,-60,0,0
3611,-84,0,0
3612,-60,0,0
3613,-56,0,0
3614,-72,0,0
3615,-76,0,0
3616,-88,0,0
3617,-60,0,0
3618,-80,0,0
3619,-72,0,0
3620,-52,0,0
3621,-48,0,0
3622,-48,0,0
3623,-48,0,0
3624,-40,0,0
3625,-36,0,0
3626,-28,0,0
3627,-44,0,0
3628,-40,0,0
3629,-40,0,0
3630,-64,0,0
3631,-64,0,0
3632,-64,0,0
3633,-48,0,0
3634,-52,0,0
3635,-40,0,0
3636,-80,0,0
3637,-36,0,0
3638,-36,0,0
3639,-72,0,0
3640,-80,0,0
3641,-48,0,0
3642,-52,0,0
3643,-28,0,0
3644,-32,0,0
3645,-52,0,0
3646,-56,0,0
3647,-64,0,0
3648,-56,0,0
3649,-40,0,0
3650,-44,0,0
3651,-40,0,0
3652,-48,0,0
3653,-40,0,0
3654,-48,0,0
3655,-48,0,0
3656,-44,0,0
3657,-48,0,0
3658,-44,0,0
3659,-48,0,0
3660,-40,0,0
3661,-40,0,0
3662,-56,0,0
3663,-72,0,0
3664,-76,0,0
3665,-52,0,0
3666,-52,0,0
3667,-24,0,0
3668,-56,0,0
3669,-56,0,0
3670,-52,0,0
3671,-44,0,0
3672,-52,0,0
3673,-40,0,0
3674,-48,0,0
3675,-48,0,0
3676,-40,0,0
3677,-32,0,0
3678,-64,0,0
3679,-64,0,0
3680,-64,0,0
3681,-56,0,0
3682,-36,0,0
3683,-52,0,0
3684,-48,0,0
3685,-36,0,0
3686,-40,0,0
3687,-56,0,0
3688,-32,0,0
3689,-32,0,0
3690,-24,0,0
3691,-60,0,0
3692,-52,0,0
3693,-52,0,0
3694,-36,0,0
3695,-24,0,0
3696,-48,0,0
3697,-48,0,0
3698,-48,0,0
3699,-56,0,0
3700,-28,0,0
3701,-36,0,0
3702,-60,0,0
3703,-44,0,0
3704,-56,0,0
3705,-52,0,0
3706,-80,0,0
3707,-72,0,0
3708,-44,0,0
3709,-44,0,0
3710,-44,0,0
3711,-44,0,0
3712,-40,0,0
3713,-28,0,0
3714,-64,0,0
3715,-56,0,0
3716,-40,0,0
3717,-28,0,0
3718,-52,0,0
3719,-52,0,0
3720,-40,0,0
3721,-96,0,0
3722,-80,0,0
3723,-96,0,0
3724,-80,0,0
3725,-68,0,0
3726,-40,0,0
3727,-32,0,0
3728,-56,0,0
3729,-52,0,0
3730,-32,0,0
3731,-32,0,0
3732,-40,0,0
3733,-60,0,0
3734,-52,0,0
3735,-40,0,0
3736,-68,0,0
3737,-60,0,0
3738,-60,0,0
3739,-52,0,0
3740,-48,0,0
3741,-44,0,0
3742,-52,0,0
3743,-56,0,0
3744,-52,0,0
3745,-64,0,0
3746,-32,0,0
3747,-24,0,0
3748,-36,0,0
3749,-32,0,0
3750,-28,0,0
3751,-48,0,0
3752,-36,0,0
3753,-52,0,0
3754,-36,0,0
3755,-60,0,0
3756,-84,0,0
3757,-60,0,0
3758,-56,0,0
3759,-64,0,0
3760,-64,0,0
3761,-48,0,0
3762,-44,0,0
3763,-16,0,0
3764,-44,0,0
3765,-64,0,0
3766,-56,0,0
3767,-52,0,0
3768,-24,0,0
3769,-52,0,0
3770,-48,0,0
3771,-56,0,0
3772,-40,0,0
3773,-48,0,0
3774,-48,0,0
3775,-56,0,0
3776,-60,0,0
3777,-40,0,0
3778,-24,0,0
3779,-24,0,0
3780,-56,0,0
3781,-32,0,0
3782,-40,0,0
3783,-40,0,0
3784,-36,0,0
3785,-56,0,0
3786,-48,0,0
3787,-56,0,0
3788,-44,0,0
3789,-52,0,0
3790,-36,0,0
3791,-36,0,0
3792,-40,0,0
3793,-24,0,0
3794,-32,0,0
3795,-16,0,0
3796,-40,0,0
3797,-28,0,0
3798,-56,0,0
3799,-60,0,0
3800,-56,0,0
3801,-48,0,0
3802,-40,0,0
3803,-48,0,0
3804,-32,0,0
3805,-72,0,0
3806,-96,0,0
3807,-60,0,0
3808,-80,0,0
3809,-72,0,0
3810,-72,0,0
3811,-36,0,0
3812,-52,0,0
3813,-60,0,0
3814,-80,0,0
3815,-52,0,0
3816,-56,0,0
3817,-88,0,0
3818,-48,0,0
3819,-44,0,0
3820,-64,0,0
3821,-32,0,0
3822,-56,0,0
3823,-80,0,0
3824,-48,0,0
3825,-64,0,0
3826,-64,0,0
3827,-56,0,0
3828,-68,0,0
3829,-68,0,0
3830,-64,0,0
3831,-56,0,0
3832,-56,0,0
3833,-52,0,0
3834,-44,0,0
3835,-48,0,0
3836,-48,0,0
3837,-36,0,0
3838,-44,0,0
3839,-48,0,0
3840,-56,0,0
3841,-60,0,0
3842,-60,0,0
3843,-64,0,0
3844,-72,0,0
3845,-56,0,0
3846,-56,0,0
3847,-52,0,0
3848,-60,0,0
3849,-56,0,0
3850,-68,0,0
3851,-40,0,0
3852,-40,0,0
3853,-52,0,0
3854,-36,0,0
3855,-64,0,0
3856,-48,0,0
3857,-48,0,0
3858,-56,0,0
3859,-44,0,0
3860,-64,0,0
3861,-56,0,0
3862,-56,0,0
3863,-48,0,0
3864,-40,0,0
3865,-64,0,0
3866,-48,0,0
3867,-56,0,0
3868,-68,0,0
3869,-68,0,0
3870,-40,0,0
3871,-80,0,0
3872,-44,0,0
3873,-40,0,0
3874,-84,0,0
3875,-88,0,0
3876,-84,0,0
3877,-52,0,0
3878,-60,0,0
3879,-64,0,0
3880,-52,0,0
3881,-56,0,0
3882,-68,0,0
3883,-64,0,0
3884,-68,0,0
3885,-24,0,0
3886,-60,0,0
3887,-72,0,0
3888,-64,0,0
3889,-40,0,0
3890,-32,0,0
3891,-28,0,0
3892,-52,0,0
3893,-44,0,0
3894,-64,0,0
3895,-40,0,0
3896,-28,0,0
3897,-32,0,0
3898,-48,0,0
3899,-48,0,0
3900,-24,0,0
3901,-28,0,0
3902,-32,0,0
3903,-44,0,0
3904,-64,0,0
3905,-56,0,0
3906,-48,0,0
3907,-24,0,0
3908,-52,0,0
3909,-60,0,0
3910,-84,0,0
3911,-80,0,0
3912,-52,0,0
3913,-72,0,0
3914,-64,0,0
3915,-48,0,0
3916,-60,0,0
3917,-64,0,0
3918,-56,0,0
3919,-60,0,0
3920,-76,0,0
3921,-60,0,0
3922,-72,0,0
3923,-84,0,0
3924,-80,0,0
3925,-64,0,0
3926,-44,0,0
3927,-44,0,0
3928,-24,0,0
3929,-36,0,0
3930,-48,0,0
3931,-44,0,0
3932,-40,0,0
3933,-60,0,0
3934,-40,0,0
3935,-68,0,0
3936,-44,0,0
3937,-52,0,0
3938,-48,0,0
3939,-32,0,0
3940,-32,0,0
3941,-36,0,0
3942,-36,0,0
3943,-52,0,0
3944,-44,0,0
3945,-40,0,0
3946,-44,0,0
3947,-76,0,0
3948,-84,0,0
3949,-72,0,0
3950,-48,0,0
3951,-68,0,0
3952,-72,0,0
3953,-44,0,0
3954,-40,0,0
3955,-32,0,0
3956,-44,0,0
3957,-28,0,0
3958,-56,0,0
3959,-52,0,0
3960,-72,0,0
3961,-84,0,0
3962,-48,0,0
3963,-48,0,0
3964,-72,0,0
3965,-88,0,0
3966,-64,0,0
3967,-84,0,0
3968,-64,0,0
3969,-48,0,0
3970,-44,0,0
3971,-44,0,0
3972,-48,0,0
3973,-36,0,0
3974,-28,0,0
3975,-48,0,0
3976,-48,0,0
3977,-48,0,0
3978,-52,0,0
3979,-64,0,0
3980,-84,0,0
3981,-84,0,0
3982,-68,0,0
3983,-48,0,0
3984,-36,0,0
3985,-52,0,0
3986,-64,0,0
3987,-68,0,0
3988,-60,0,0
3989,-32,0,0
3990,-32,0,0
3991,-32,0,0
3992,-56,0,0
3993,-68,0,0
3994,-92,0,0
3995,-52,0,0
3996,-64,0,0
3997,-32,0,0
3998,-16,0,0
3999,-28,0,0
4000,-40,0,0
4001,-48,0,0
4002,-64,0,0
4003,-68,0,0
4004,-60,0,0
4005,-56,0,0
4006,-72,0,0
4007,-80,0,0
4008,-88,0,0
4009,-104,0,0
4010,-112,0,0
4011,-68,0,0
4012,-60,0,0
4013,-68,0,0
4014,-60,0,0
4015,-44,0,0
4016,-48,0,0
4017,-64,0,0
4018,-52,0,0
4019,-52,0,0
4020,-60,0,0
4021,-52,0,0
4022,-48,0,0
4023,-48,0,0
4024,-60,0,0
4025,-72,0,0
4026,-68,0,0
4027,-84,0,0
4028,-48,0,0
4029,-20,0,0
4030,-48,0,0
4031,-40,0,0
4032,-52,0,0
4033,-52,0,0
4034,-48,0,0
4035,-52,0,0
4036,-68,0,0
4037,-60,0,0
4038,-60,0,0
4039,-68,0,0
4040,-60,0,0
4041,-64,0,0
4042,-48,0,0
4043,-40,0,0
4044,-56,0,0
4045,-84,0,0
4046,-56,0,0
4047,-44,0,0
4048,-28,0,0
4049,-52,0,0
4050,-60,0,0
4051,-56,0,0
4052,-100,0,0
4053,-72,0,0
4054,-52,0,0
4055,-28,0,0
4056,-56,0,0
4057,-84,0,0
4058,-72,0,0
4059,-88,0,0
4060,-80,0,0
4061,-92,0,0
4062,-84,0,0
4063,-52,0,0
4064,-76,0,0
4065,-100,0,0
4066,-76,0,0
4067,-40,0,0
4068,-40,0,0
4069,-44,0,0
4070,-44,0,0
4071,-64,0,0
4072,-64,0,0
4073,-60,0,0
4074,-48,0,0
4075,-64,0,0
4076,-28,0,0
4077,-36,0,0
4078,-76,0,0
4079,-48,0,0
4080,-72,0,0
4081,-60,0,0
4082,-44,0,0
4083,-60,0,0
4084,-60,0,0
4085,-48,0,0
4086,-44,0,0
4087,-44,0,0
4088,-52,0,0
4089,-44,0,0
4090,-24,0,0
4091,-36,0,0
4092,-60,0,0
4093,-44,0,0
4094,-52,0,0
4095,-60,0,0
4096,-40,0,0
4097,-72,0,0
4098,-64,0,0
4099,-64,0,0
4100,-56,0,0
4101,-60,0,0
4102,-64,0,0
4103,-52,0,0
4104,-56,0,0
4105,-52,0,0
4106,-40,0,0
4107,-36,0,0
4108,-64,0,0
4109,-48,0,0
4110,-72,0,0
4111,-92,0,0
4112,-60,0,0
4113,-68,0,0
4114,-64,0,0
4115,-72,0,0
4116,-60,0,0
4117,-64,0,0
4118,-72,0,0
4119,-76,0,0
4120,-72,0,0
4121,-68,0,0
4122,-48,0,0
4123,-60,0,0
4124,-48,0,0
4125,-64,0,0
4126,-52,0,0
4127,-44,0,0
4128,-64,0,0
4129,-72,0,0
4130,-40,0,0
4131,-44,0,0
4132,-64,0,0
4133,-60,0,0
4134,-44,0,0
4135,-20,0,0
4136,-48,0,0
4137,-44,0,0
4138,-36,0,0
4139,-72,0,0
4140,-48,0,0
4141,-36,0,0
4142,-56,0,0
4143,-72,0,0
4144,-68,0,0
4145,-52,0,0
4146,-40,0,0
4147,-36,0,0
4148,-40,0,0
4149,-48,0,0
4150,-52,0,0
4151,-40,0,0
4152,-44,0,0
4153,-60,0,0
4154,-36,0,0
4155,-44,0,0
4156,-40,0,0
4157,-44,0,0
4158,-56,0,0
4159,-68,0,0
4160,-44,0,0
4161,-44,0,0
4162,-56,0,0
4163,-64,0,0
4164,-48,0,0
4165,-52,0,0
4166,-60,0,0
4167,-44,0,0
4168,-48,0,0
4169,-40,0,0
4170,-56,0,0
4171,-52,0,0
4172,-64,0,0
4173,-60,0,0
4174,-40,0,0
4175,-52,0,0
4176,-32,0,0
4177,-56,0,0
4178,-64,0,0
4179,-36,0,0
4180,-36,0,0
4181,-36,0,0
4182,-36,0,0
4183,-44,0,0
4184,-52,0,0
4185,-52,0,0
4186,-36,0,0
4187,-56,0,0
4188,-64,0,0
4189,-48,0,0
4190,-64,0,0
4191,-36,0,0
4192,-60,0,0
4193,-28,0,0
4194,-44,0,0
4195,-36,0,0
4196,-20,0,0
4197,-72,0,0
4198,-56,0,0
4199,-60,0,0
4200,-72,0,0
4201,-60,0,0
4202,-52,0,0
4203,-48,0,0
4204,-52,0,0
4205,-56,0,0
4206,-56,0,0
4207,-72,0,0
4208,-52,0,0
4209,-52,0,0
4210,-36,0,0
4211,-32,0,0
4212,-52,0,0
4213,-48,0,0
4214,-44,0,0
4215,-60,0,0
4216,-80,0,0
4217,-48,0,0
4218,-40,0,0
4219,-28,0,0
4220,-40,0,0
4221,-48,0,0
4222,-44,0,0
4223,-44,0,0
4224,-60,0,0
4225,-56,0,0
4226,-64,0,0
4227,-52,0,0
4228,-60,0,0
4229,-40,0,0
4230,-44,0,0
4231,-28,0,0
4232,-60,0,0
4233,-80,0,0
4234,-64,0,0
4235,-48,0,0
4236,-112,0,0
4237,-80,0,0
4238,-72,0,0
4239,-112,0,0
4240,-64,0,0
4241,-20,0,0
4242,-40,0,0
4243,-36,0,0
4244,-36,0,0
4245,-56,0,0
4246,-40,0,0
4247,-64,0,0
4248,-48,0,0
4249,-44,0,0
4250,-28,0,0
4251,-32,0,0
4252,-28,0,0
4253,-40,0,0
4254,-52,0,0
4255,-100,0,0
4256,-100,0,0
4257,-76,0,0
4258,-80,0,0
4259,-60,0,0
4260,-68,0,0
4261,-88,0,0
4262,-44,0,0
4263,-52,0,0
4264,-52,0,0
4265,-40,0,0
4266,-40,0,0
4267,-32,0,0
4268,-40,0,0
4269,-68,0,0
4270,-60,0,0
4271,-44,0,0
4272,-32,0,0
4273,-32,0,0
4274,-32,0,0
4275,-44,0,0
4276,-56,0,0
4277,-44,0,0
4278,-52,0,0
4279,-40,0,0
4280,-40,0,0
4281,-32,0,0
4282,-28,0,0
4283,-48,0,0
4284,-24,0,0
4285,-24,0,0
4286,-40,0,0
4287,-44,0,0
4288,-68,0,0
4289,-48,0,0
4290,-92,0,0
4291,-92,0,0
4292,-72,0,0
4293,-80,0,0
4294,-60,0,0
4295,-36,0,0
4296,-64,0,0
4297,-52,0,0
4298,-52,0,0
4299,-40,0,0
4300,-56,0,0
4301,-68,0,0
4302,-64,0,0
4303,-48,0,0
4304,-28,0,0
4305,-44,0,0
4306,-60,0,0
4307,-36,0,0
4308,-56,0,0
4309,-64,0,0
4310,-52,0,0
4311,-40,0,0
4312,-68,0,0
4313,-36,0,0
4314,-68,0,0
4315,-88,0,0
4316,-52,0,0
4317,-40,0,0
4318,-44,0,0
4319,-48,0,0
4320,-52,0,0
4321,-48,0,0
4322,-52,0,0
4323,-52,0,0
4324,-56,0,0
4325,-52,0,0
4326,-76,0,0
4327,-100,0,0
4328,-60,0,0
4329,-52,0,0
4330,-24,0,0
4331,-36,0,0
4332,-48,0,0
4333,-48,0,0
4334,-52,0,0
4335,-44,0,0
4336,-72,0,0
4337,-64,0,0
4338,-64,0,0
4339,-20,0,0
4340,-52,0,0
4341,-52,0,0
4342,-56,0,0
4343,-40,0,0
4344,-32,0,0
4345,-44,0,0
4346,-52,0,0
4347,-44,0,0
4348,-44,0,0
4349,-56,0,0
4350,-56,0,0
4351,-64,0,0
4352,-32,0,0
4353,-52,0,0
4354,-68,0,0
4355,-48,0,0
4356,-48,0,0
4357,-44,0,0
4358,-44,0,0
4359,-32,0,0
4360,-48,0,0
4361,-72,0,0
4362,-64,0,0
4363,-52,0,0
4364,-56,0,0
4365,-64,0,0
4366,-48,0,0
4367,-68,0,0
4368,-48,0,0
4369,-36,0,0
4370,-44,0,0
4371,-36,0,0
4372,-44,0,0
4373,-36,0,0
4374,-44,0,0
4375,-36,0,0
4376,-52,0,0
4377,-68,0,0
4378,-60,0,0
4379,-40,0,0
4380,-60,0,0
4381,-36,0,0
4382,-36,0,0
4383,-52,0,0
4384,-44,0,0
4385,-44,0,0
4386,-16,0,0
4387,-28,0,0
4388,-40,0,0
4389,-76,0,0
4390,-64,0,0
4391,-40,0,0
4392,-36,0,0
4393,-44,0,0
4394,-56,0,0
4395,-48,0,0
4396,-40,0,0
4397,-56,0,0
4398,-24,0,0
4399,-52,0,0
4400,-64,0,0
4401,-68,0,0
4402,-64,0,0
4403,-56,0,0
4404,-56,0,0
4405,-52,0,0
4406,-44,0,0
4407,-44,0,0
4408,-40,0,0
4409,-52,0,0
4410,-52,0,0
4411,-84,0,0
4412,-48,0,0
4413,-56,0,0
4414,-36,0,0
4415,-16,0,0
4416,-20,0,0
4417,-48,0,0
4418,-56,0,0
4419,-32,0,0
4420,-40,0,0
4421,-56,0,0
4422,-40,0,0
4423,-36,0,0
4424,-28,0,0
4425,-36,0,0
4426,-40,0,0
4427,-52,0,0
4428,-32,0,0
4429,-88,0,0
4430,-84,0,0
4431,-88,0,0
4432,-72,0,0
4433,-52,0,0
4434,-56,0,0
4435,-68,0,0
4436,-84,0,0
4437,-56,0,0
4438,-64,0,0
4439,-60,0,0
4440,-44,0,0
4441,-52,0,0
4442,-32,0,0
4443,-56,0,0
4444,-92,0,0
4445,-68,0,0
4446,-48,0,0
4447,-28,0,0
4448,-36,0,0
4449,-52,0,0
4450,-88,0,0
4451,-72,0,0
4452,-68,0,0
4453,-88,0,0
4454,-76,0,0
4455,-84,0,0
4456,-60,0,0
4457,-56,0,0
4458,-56,0,0
4459,-60,0,0
4460,-16,0,0
4461,-44,0,0
4462,-56,0,0
4463,-36,0,0
4464,-52,0,0
4465,-64,0,0
4466,-100,0,0
4467,-68,0,0
4468,-68,0,0
4469,-68,0,0
4470,-64,0,0
4471,-60,0,0
4472,-60,0,0
4473,-52,0,0
4474,-60,0,0
4475,-56,0,0
4476,-28,0,0
4477,-56,0,0
4478,-52,0,0
4479,-20,0,0
4480,-32,0,0
4481,-56,0,0
4482,-76,0,0
4483,-76,0,0
4484,-76,0,0
4485,-80,0,0
4486,-76,0,0
4487,-112,0,0
4488,-84,0,0
4489,-56,0,0
4490,-36,0,0
4491,-28,0,0
4492,-44,0,0
4493,-44,0,0
4494,-40,0,0
4495,-52,0,0
4496,-64,0,0
4497,-76,0,0
4498,-64,0,0
4499,-44,0,0
4500,-40,0,0
4501,-60,0,0
4502,-48,0,0
4503,-36,0,0
4504,-40,0,0
4505,-44,0,0
4506,-24,0,0
4507,-52,0,0
4508,-32,0,0
4509,-52,0,0
4510,-64,0,0
4511,-84,0,0
4512,-52,0,0
4513,-20,0,0
4514,-36,0,0
4515,-56,0,0
4516,-60,0,0
4517,-36,0,0
4518,-64,0,0
4519,-64,0,0
4520,-48,0,0
4521,-56,0,0
4522,-56,0,0
4523,-64,0,0
4524,-76,0,0
4525,-56,0,0
4526,-48,0,0
4527,-60,0,0
4528,-56,0,0
4529,-72,0,0
4530,-60,0,0
4531,-60,0,0
4532,-56,0,0
4533,-56,0,0
4534,-48,0,0
4535,-64,0,0
4536,-60,0,0
4537,-32,0,0
4538,-32,0,0
4539,-60,0,0
4540,-48,0,0
4541,-52,0,0
4542,-28,0,0
4543,-36,0,0
4544,-40,0,0
4545,-44,0,0
4546,-60,0,0
4547,-44,0,0
4548,-40,0,0
4549,-60,0,0
4550,-60,0,0
4551,-36,0,0
4552,-52,0,0
4553,-40,0,0
4554,-56,0,0
4555,-48,0,0
4556,-40,0,0
4557,-76,0,0
4558,-84,0,0
4559,-72,0,0
4560,-64,0,0
4561,-44,0,0
4562,-52,0,0
4563,-84,0,0
4564,-68,0,0
4565,-72,0,0
4566,-60,0,0
4567,-44,0,0
4568,-48,0,0
4569,-52,0,0
4570,-80,0,0
4571,-32,0,0
4572,-40,0,0
4573,-56,0,0
4574,-60,0,0
4575,-80,0,0
4576,-36,0,0
4577,-40,0,0
4578,-64,0,0
4579,-52,0,0
4580,-56,0,0
4581,-44,0,0
4582,-60,0,0
4583,-88,0,0
4584,-48,0,0
4585,-84,0,0
4586,-56,0,0
4587,-52,0,0
4588,-44,0,0
4589,-76,0,0
4590,-68,0,0
4591,-64,0,0
4592,-72,0,0
4593,-68,0,0
4594,-52,0,0
4595,-40,0,0
4596,-48,0,0
4597,-72,0,0
4598,-64,0,0
4599,-48,0,0
4600,-44,0,0
4601,-48,0,0
4602,-56,0,0
4603,-60,0,0
4604,-44,0,0
4605,-36,0,0
4606,-28,0,0
4607,-36,0,0
4608,-36,0,0
4609,-36,0,0
4610,-48,0,0
4611,-48,0,0
4612,-56,0,0
4613,-48,0,0
4614,-48,0,0
4615,-56,0,0
4616,-60,0,0
4617,-68,0,0
4618,-36,0,0
4619,-20,0,0
4620,-52,0,0
4621,-36,0,0
4622,-12,0,0
4623,-28,0,0
4624,-24,0,0
4625,-20,0,0
4626,-16,0,0
4627,-24,0,0
4628,-28,0,0
4629,-32,0,0
4630,-8,0,0
4631,-52,0,0
4632,-36,0,0
4633,-76,0,0
4634,-56,0,0
4635,-68,0,0
4636,-24,0,0
4637,-40,0,0
4638,-48,0,0
4639,-56,0,0
4640,-52,0,0
4641,-40,0,0
4642,-72,0,0
4643,-68,0,0
4644,-76,0,0
4645,-56,0,0
4646,-48,0,0
4647,-56,0,0
4648,-80,0,0
4649,-48,0,0
4650,-40,0,0
4651,-36,0,0
4652,-56,0,0
4653,-36,0,0
4654,-28,0,0
4655,-56,0,0
4656,-80,0,0
4657,-32,0,0
4658,-56,0,0
4659,-40,0,0
4660,-52,0,0
4661,-64,0,0
4662,-40,0,0
4663,-44,0,0
4664,-48,0,0
4665,-36,0,0
4666,-68,0,0
4667,-40,0,0
4668,-60,0,0
4669,-72,0,0
4670,-88,0,0
4671,-56,0,0
4672,-52,0,0
4673,-76,0,0
4674,-64,0,0
4675,-20,0,0
4676,-52,0,0
4677,-60,0,0
4678,-60,0,0
4679,-52,0,0
4680,-44,0,0
4681,-32,0,0
4682,-60,0,0
4683,-60,0,0
4684,-52,0,0
4685,-44,0,0
4686,-48,0,0
4687,-48,0,0
4688,-48,0,0
4689,-44,0,0
4690,-68,0,0
4691,-36,0,0
4692,-40,0,0
4693,-48,0,0
4694,-64,0,0
4695,-68,0,0
4696,-68,0,0
4697,-56,0,0
4698,-56,0,0
4699,-48,0,0
4700,-48,0,0
4701,-48,0,0
4702,-32,0,0
4703,-32,0,0
4704,-60,0,0
4705,-64,0,0
4706,-36,0,0
4707,-36,0,0
4708,-60,0,0
4709,-52,0,0
4710,-52,0,0
4711,-72,0,0
4712,-52,0,0
4713,-44,0,0
4714,-44,0,0
4715,-36,0,0
4716,-56,0,0
4717,-72,0,0
4718,-60,0,0
4719,-32,0,0
4720,-60,0,0
4721,-88,0,0
4722,-84,0,0
4723,-56,0,0
4724,-28,0,0
4725,-44,0,0
4726,-56,0,0
4727,-44,0,0
4728,-48,0,0
4729,-64,0,0
4730,-48,0,0
4731,-60,0,0
4732,-48,0,0
4733,-48,0,0
4734,-48,0,0
4735,-48,0,0
4736,-64,0,0
4737,-40,0,0
4738,-56,0,0
4739,-32,0,0
4740,-40,0,0
4741,-48,0,0
4742,-44,0,0
4743,-56,0,0
4744,-60,0,0
4745,-92,0,0
4746,-104,0,0
4747,-76,0,0
4748,-48,0,0
4749,-52,0,0
4750,-52,0,0
4751,-44,0,0
4752,-64,0,0
4753,-48,0,0
4754,-72,0,0
4755,-32,0,0
4756,-48,0,0
4757,-68,0,0
4758,-52,0,0
4759,-40,0,0
4760,-32,0,0
4761,-40,0,0
4762,-68,0,0
4763,-76,0,0
4764,-64,0,0
4765,-80,0,0
4766,-60,0,0
4767,-40,0,0
4768,-68,0,0
4769,-56,0,0
4770,-44,0,0
4771,-52,0,0
4772,-28,0,0
4773,-32,0,0
4774,-48,0,0
4775,-48,0,0
4776,-64,0,0
4777,-48,0,0
4778,-32,0,0
4779,-36,0,0
4780,-44,0,0
4781,-40,0,0
4782,-36,0,0
4783,-40,0,0
4784,-36,0,0
4785,-36,0,0
4786,-40,0,0
4787,-36,0,0
4788,-32,0,0
4789,-24,0,0
4790,-60,0,0
4791,-56,0,0
4792,-60,0,0
4793,-52,0,0
4794,-60,0,0
4795,-56,0,0
4796,-68,0,0
4797,-36,0,0
4798,-44,0,0
4799,-48,0,0
4800,-36,0,0
4801,-48,0,0
4802,-56,0,0
4803,-32,0,0
4804,-52,0,0
4805,-44,0,0
4806,-32,0,0
4807,-44,0,0
4808,-52,0,0
4809,-44,0,0
4810,-44,0,0
4811,-76,0,0
4812,-48,0,0
4813,-56,0,0
4814,-60,0,0
4815,-48,0,0
4816,-64,0,0
4817,-76,0,0
4818,-40,0,0
4819,-56,0,0
4820,-56,0,0
4821,-44,0,0
4822,-48,0,0
4823,-44,0,0
4824,-48,0,0
4825,-24,0,0
4826,-44,0,0
4827,-20,0,0
4828,-40,0,0
4829,-60,0,0
4830,-64,0,0
4831,-56,0,0
4832,-60,0,0
4833,-76,0,0
4834,-76,0,0
4835,-60,0,0
4836,-36,0,0
4837,-24,0,0
4838,-28,0,0
4839,-40,0,0
4840,-36,0,0
4841,-20,0,0
4842,-56,0,0
4843,-48,0,0
4844,-44,0,0
4845,-40,0,0
4846,-32,0,0
4847,-64,0,0
4848,-52,0,0
4849,-60,0,0
4850,-72,0,0
4851,-36,0,0
4852,-44,0,0
4853,-56,0,0
4854,-68,0,0
4855,-52,0,0
4856,-76,0,0
4857,-72,0,0
4858,-44,0,0
4859,-64,0,0
4860,-64,0,0
4861,-72,0,0
4862,-44,0,0
4863,-44,0,0
4864,-32,0,0
4865,-36,0,0
4866,-32,0,0
4867,-40,0,0
4868,-44,0,0
4869,-44,0,0
4870,-56,0,0
4871,-64,0,0
4872,-44,0,0
4873,-56,0,0
4874,-68,0,0
4875,-56,0,0
4876,-32,0,0
4877,-52,0,0
4878,-64,0,0
4879,-60,0,0
4880,-32,0,0
4881,-60,0,0
4882,-52,0,0
4883,-20,0,0
4884,-36,0,0
4885,-48,0,0
4886,-60,0,0
4887,-48,0,0
4888,-40,0,0
4889,-28,0,0
4890,-40,0,0
4891,-36,0,0
4892,-68,0,0
4893,-24,0,0
4894,-56,0,0
4895,-76,0,0
4896,-52,0,0
4897,-48,0,0
4898,-44,0,0
4899,-56,0,0
4900,-48,0,0
4901,-68,0,0
4902,-92,0,0
4903,-60,0,0
4904,-56,0,0
4905,-28,0,0
4906,-40,0,0
4907,-56,0,0
4908,-68,0,0
4909,-64,0,0
4910,-28,0,0
4911,-32,0,0
4912,-56,0,0
4913,-56,0,0
4914,-44,0,0
4915,-84,0,0
4916,-60,0,0
4917,-36,0,0
4918,-52,0,0
4919,-48,0,0
4920,-76,0,0
4921,-72,0,0
4922,-72,0,0
4923,-64,0,0
4924,-48,0,0
4925,-36,0,0
4926,-40,0,0
4927,-56,0,0
4928,-60,0,0
4929,-68,0,0
4930,-20,0,0
4931,-20,0,0
4932,-40,0,0
4933,-48,0,0
4934,-32,0,0
4935,-56,0,0
4936,-64,0,0
4937,-56,0,0
4938,-48,0,0
4939,-48,0,0
4940,-36,0,0
4941,-52,0,0
4942,-64,0,0
4943,-40,0,0
4944,-40,0,0
4945,-40,0,0
4946,-40,0,0
4947,-44,0,0
4948,-32,0,0
4949,-44,0,0
4950,-28,0,0
4951,-40,0,0
4952,-64,0,0
4953,-48,0,0
4954,-52,0,0
4955,-72,0,0
4956,-88,0,0
4957,-76,0,0
4958,-56,0,0
4959,-56,0,0
4960,-24,0,0
4961,-32,0,0
4962,-28,0,0
4963,-32,0,0
4964,-52,0,0
4965,-48,0,0
4966,-52,0,0
4967,-44,0,0
4968,-24,0,0
4969,-32,0,0
4970,-32,0,0
4971,-44,0,0
4972,-40,0,0
4973,-44,0,0
4974,-44,0,0
4975,-40,0,0
4976,-48,0,0
4977,-36,0,0
4978,-60,0,0
4979,-52,0,0
4980,-60,0,0
4981,-48,0,0
4982,-68,0,0
4983,-72,0,0
4984,-56,0,0
4985,-56,0,0
4986,-56,0,0
4987,-52,0,0
4988,-64,0,0
4989,-60,0,0
4990,-48,0,0
4991,-72,0,0
4992,-68,0,0
4993,-56,0,0
4994,-52,0,0
4995,-56,0,0
4996,-36,0,0
4997,-52,0,0
4998,-28,0,0
4999,-40,0,0
